,Unnamed: 0,code,keywords
0,5bb3ae25da3c38c71367bcc4,B2,"['Alternative Education', 'Boarding Schools', 'Child Development Education Issues', 'Community-Based Schools', 'Community Learning Centers', 'Extended-Service Schools', 'Full-Service Schools', 'Home-Based Education', 'Home Education', 'Home Schooling', 'Montessori Schools', 'Nontraditional Schools', 'Separately Organized Middle Schools', 'Yeshivas']"
1,5bb3ae26da3c38c71367bcc5,B2,"['Early Childhood Education', 'Head Start', 'Kindergartens', 'Nursery Schools', 'Preschool Education', 'Preschools', 'School Readiness Programs']"
2,5bb3ae26da3c38c71367bcc6,B2,"['Elementary Schools', 'Grades 1-4', 'Grades 1-6', 'Grades 1-8', 'K-4', 'K-6', 'K-8', 'Primary Schools']"
3,5bb3ae26da3c38c71367bcc7,B2,"['College Preparatory Schools', 'Grades 7-12', 'Grades 8-12', 'Grades 9-12', 'Grades 10-12', 'High Schools', 'Junior High Schools', 'Intermediate Schools', 'Pre-Collegiate Education', 'Secondary Schools', 'Senior High Schools']"
4,5bb3ae26da3c38c71367bcc8,B2,"['Bilingual Education', 'Blind Children', 'Children with Hearing Disabilities', 'Children with Learning Disabilities', 'Deaf Children', 'Developmentally Disabled Children', 'Gifted and Talented Schools', 'Gifted Children', 'Gifted Schools', 'Mentally Retarded Children', 'Special Education Institutions', 'Special Schools', 'TAG Schools', 'Talented and Gifted Schools', 'Visually Impaired Children']"
5,5bb3ae26da3c38c71367bcc9,B2,['Charter Schools']
6,5bb3ae27da3c38c71367bcca,B3,"['Auto Mechanics', 'Building Trades', 'Cosmetology', 'High School Vocational Education', 'Industrial', 'Manufacturing', 'Post-Secondary Technical Schools', 'Technical Schools', 'Trade Schools', 'Vocational Centers', 'Vocational Schools', 'Vocational/Technical Schools', 'Vocational/Trade High Schools']"
7,5bb3ae27da3c38c71367bccb,B4,['Institutions of Higher Learning']
8,5bb3ae27da3c38c71367bccc,B4,"['Year Colleges', 'Associates in Arts Certificates', 'Community Colleges', 'Junior Colleges', 'Two-Year Colleges']"
9,5bb3ae27da3c38c71367bccd,B4,"['Year Colleges', 'Baccalaureate Degrees', 'Bachelor Degrees', 'Bachelor of Arts Degrees', 'Bachelor of Science Degrees', 'Black Colleges', 'Deaf Colleges', 'Four-Year Colleges', 'Liberal Arts Colleges', 'Undergraduate Colleges']"
10,5bb3ae27da3c38c71367bcce,B4,"['Doctorates', 'Graduate Schools', 'Masters Degrees', 'Technological Institutes', 'Universities']"
11,5bb3ae27da3c38c71367bccf,B5,"['Accounting Schools', 'Advertising Schools', 'Agriculture Schools', 'Architectural Schools', 'Business Administration Schools', 'Business Schools', 'Chiropractic Teaching Facilities', 'Dental Schools', 'Divinity Schools', 'Engineering Schools', 'Fine Arts Schools', 'Health Sciences Schools', 'Hotel Administration Schools', 'Information Science Schools', 'Journalism Schools', 'Law Schools', 'Legal Education', 'Library and Information Science Schools', 'Library Schools', 'Management Schools', 'Marketing Schools', 'Medical Schools', 'Nursing Schools', 'Professional Schools', 'Public Administration Schools', 'Public Health Administration Schools', 'Public Health Schools', 'Schools of Education', 'Schools of Teaching', 'Seminaries / Seminary Schools', 'Social Work Schools', 'Teacher Education', 'Theological Schools', 'Theology Schools', 'Veterinary Medicine Schools', 'Veterinary Schools', 'Yeshiva']"
12,5bb3ae27da3c38c71367bcd0,B6,"['Adult Basic Education', 'Adult Education', 'Adult High School Diplomas', 'Adult Literacy Councils', 'Adult Literacy Education', 'Basic Writing Skills', 'Basic Reading Skills', 'Compensatory Learning', 'Continuing Education', 'Elderhostels', 'English as a Second Language', 'ESL Instruction', 'Fundamental Education (Adults)', 'GED Instruction', 'General Educational Development Instruction', 'High School Equivalency', 'Institutes for Learning in Retirement', 'Lifelong Learning', 'Lifetime Learning']"
13,5bb3ae27da3c38c71367bcd1,B7,"['Academic Libraries', 'Academic Research Libraries', 'Archival Work', 'Archives', 'Archivists', 'Book and Paper Conservation', 'Book Collections', 'College Libraries', 'College Research Libraries', 'Corporate Libraries', 'Depository Libraries', 'Electronic Libraries', 'Information Centers', 'Law Libraries', 'Law School Libraries', 'Legal Libraries', 'Libraries', 'Library Operation/Programs', 'Media Centers', 'Medical Association Libraries', 'Medical Libraries', 'Medical Society Libraries', 'Military Base Libraries', 'Municipal Libraries', 'National Libraries', 'Online Vendor Services', 'Presidential Libraries', 'Public Libraries', 'Reference Services', 'Religious Libraries', 'Research Libraries', 'School Libraries', 'School Library Media Centers', 'Special Libraries', 'State Libraries', 'University Libraries', 'University Research Libraries', 'Virtual Libraries']"
14,5bb3ae27da3c38c71367bcd2,B9,"['Achievement Testing', 'Advanced Placement Testing', 'Afterschool Programs', 'After-School Enrichment Programs', 'After-School Programs', 'After School Programs', 'American College Test', 'Aptitude Testing', 'Business in Schools Programs', 'Cooperative/Community Education', 'College Credit by Examination', 'College Entrance Examinations', 'College Placement Testing', 'College Preparatory Examinations', 'Continuation High Schools', 'Dental Admission Test', 'Distance Education', 'Distance Learning', 'Drop Out Prevention', 'Drop-Out Prevention/Retention Services', 'Dropout Prevention', 'Educational Testing', 'Entrance Examinations', 'Equivalency Tests', 'Extra-School Settings', 'Graduate Management Admission Testing', 'Graduate Program Examinations', 'Graduate Record Examinations', 'Grammar Hotlines', 'High School Competency Testing', 'Homework Assistance', 'Homework Help', 'Homework Hotlines', 'Intelligence Testing', 'Law School Admission Testing', 'Medical College Admission Testing', 'Optometry Admission Testing', 'Out-of-School Hours Programs', 'Preliminary Scholastic Achievement Testing', 'Private School Placement', 'Public, Private Partnerships for Education', 'Return to Education Support', 'Scholastic Aptitude Testing', 'Scholastic Assessment Testing', 'Special Education Assessment', 'Student Retention', 'Student Testing', 'Study Skills Assistance', 'Subject-Specific Tutoring', 'Truancy Counseling', 'Tutoring', 'Century Community Learning Centers Initiative Programs']"
15,5bb3ae27da3c38c71367bcd3,B9,"['Children Literacy', 'Reading Encouragement', 'Reading is Fundamental', 'Remedial Reading', 'Remedial Spelling', 'RIF']"
16,5bb3ae27da3c38c71367bcd4,B9,"['Congress of Parents & Teachers', 'Congress of Parents and Teachers', 'Parent Teacher and Students', 'Parent Teacher Associations', 'Parent Teacher Organizations', 'PTA', 'PTO', 'PTSA', 'PTSO']"
17,5bb3ae27da3c38c71367bcd5,B9,['Faculty Groups']
18,5bb3ae27da3c38c71367bcd6,C2,"['Acid Rain', 'Air Pollution', 'Asbestos Removal', 'Asbestos Testing', 'Atmospheric Contamination', 'Carbon Monoxide Testing', 'Clean Air', 'Climatic Change', 'Drinking Water Testing', 'Environmental Hazards Cleanup', 'Environmental Hazards Control', 'Environmental Pollution', 'Environmental Sanitation', 'Global Warming', 'Greenhouse Effect', 'Greenhouse Gases', 'Hazardous Materials Cleanup', 'Hazardous Materials Control', 'Hazardous Materials Monitoring', 'Hazardous Materials Transportation', 'Hazardous Wastes', 'Household Hazardous Wastes', 'Indoor Air Pollution', 'Industrial Hazardous Wastes', 'Landfills', 'Lead Paint', 'Lead Testing', 'Medical Waste Disposal, Noise Pollution', 'Nuclear Wastes', 'Oil Spill Cleanup', 'Pesticides', 'Pollution Abatement', 'Pollution Control', 'Poor Air Quality', 'Radiation Control', 'Radiation Testing', 'Radon Testing', 'Rising Sea Levels', 'Sanitation', 'Sewage', 'Sludge Sites', 'Smog', 'Soil Contaminant Testing', 'Soil Testing', 'Solid Waste Management', 'Tap Water Testing', 'Toxic Substances', 'Toxic Wastes', 'Waste Disposal', 'Waste Management', 'Waste Spills', 'Waste Transport', 'Water Pollution', 'Water Pollution Control']"
19,5bb3ae27da3c38c71367bcd7,C6,"['Bush Survival', 'Ecotourism', 'Environmental Education', 'Environmental Interpretive Centers', 'Nature Centers', 'Nature Walks', 'Orienteering', 'Outdoor Education', 'Outdoor Survival', 'Outdoor Survival Skills', 'Outward Bound', 'Wilderness Survival Skills']"
20,5bb3ae27da3c38c71367bcd8,D2,"['Adopt-A-Burro', 'Adopt-A-Greyhound', 'Adopt-A-Horse', 'Adopt-A-Race Horse', 'Alligator Control', 'Animal Adoption', 'Animal Control', 'Animal Lost & Found', 'Animal Population Control', 'Animal Protection ', 'Animal Rescue', 'Animal Shelters', 'Animal Welfare', 'ASPCA', 'Coyote Control', 'Cruelty to Animals', 'Deer Control', 'Domestic Animal Protection', 'Domestic Animal Welfare', 'Equine Rescue', 'Farm Animal Protection', 'Farm Animal Welfare', 'Farm Animals Sanctuaries', 'Foster Care for Animals', 'Found Pets', 'Greyhound Adoption', 'Greyhound Rescue', 'Homeless Animals', 'Horse Sanctuaries', 'Humane Societies', 'Lost Animals', 'Lost Pets', 'Missing Pets', 'Pet Adoption', 'Pet Cemeteries', 'Pet Reunification', 'Predator Control', 'Prevention of Cruelty to Animals', 'Rabbit Rescue', 'Snake Control', 'Spaying & Neutering', 'SPCA', 'Stray Animal Assistance', 'Unwanted Animals', 'Unwanted Pets']"
21,5bb3ae27da3c38c71367bcd9,E2,[]
22,5bb3ae27da3c38c71367bcda,E2,"['Community-Based Health Services', 'Health Care Systems', 'Hospital Management Corporations', 'Multihospital Health Care Systems', 'Multihospital Systems']"
23,5bb3ae27da3c38c71367bcdb,E2,"['Acute Care Critical Access Hospitals', 'Acute Care Hospitals', 'Acute Care Medical Faciltities', 'Acute Care Medical Centers', 'Cardiac Intensive Care', 'Coronary Intensive Care', 'Emergency Rooms', 'Emergicenters', 'General Acute Care Hospitals', 'General Hospitals', 'General Intensive Care', 'High Risk Infant Unit Care', 'Hospital Emergency Care', 'Hospital-Based Emergency Care', 'ICUs', 'Inpatient Hospital Care', 'Intensive Care', 'Medical Centers', 'Military Hospitals', 'Neonatal Intensive Care', 'Neurological Intensive Care', 'Osteopathic hospitals', 'Pediatric Intensive Care', 'Premature Nurseries', 'Respiratory Intensive Care', 'State Hospitals', 'Subacute Care Hospitals', 'Surgical Intensive Care', 'Trauma Centers', 'Veterans Hospitals ']"
24,5bb3ae27da3c38c71367bcdc,E2,"['Cancer Hospitals', 'Childrens Hospitals', 'Extended Care Hospitals', 'Eye Hospitals', 'Maternity Hospitals', 'Orthopedic Hospitals', 'Rehabilitation Hospitals', 'Shriners Hospitals', 'Specialty Hospitals', 'Womens Hospitals']"
25,5bb3ae28da3c38c71367bcdd,E3,"['Acupuncture', 'Alternative Health Clinics', 'Ambulatory Surgical Centers', 'Ambulatory Surgery', 'Biofeedback', 'Burn Centers', 'Burn Institutes', 'Chiropractic', 'Day Surgery', 'Dental Clinics', 'Dental Care', 'Diagnostic Facilities', 'Diagnostic Imaging', 'Dialysis Centers', 'Eye Screening Clinics', 'Foot Clinics', 'Herbal Medicine', 'Homeopathic Medicine', 'Hospital-Based Outpatient Care', 'Infant Care Clinics', 'Infant Centers', 'Medical Testing Laboratories', 'Mobile Dental Care', 'Naturopathic Medicine', 'Neonatal Care Clinics', 'Neonatal Centers', 'Optometry Clinics', 'Outpatient Care', 'Outpatient Surgery', 'Pain Management', 'Podiatry', 'Rural Health Care', 'Rural Medical Service', 'Traditional Healing Arts', 'Well Baby Care', 'Well Baby Clinics', 'Well-Baby Care', 'Well-Baby Clinics']"
26,5bb3ae28da3c38c71367bcde,E3,"['Group Health Practices', 'Health Maintenance Organizations', 'HMOs', 'Managed Care', 'Managed Health Care', 'Primary Health Care Providers']"
27,5bb3ae28da3c38c71367bcdf,E3,"['Ambulatory Health Centers', 'Clinics', 'Community Clinics', 'Community Health Centers', 'Community Health Clinics', 'Free Clinics', 'Health Centers', 'Health Clinics', 'Mobile Health Care', 'Walk-in Clinics']"
28,5bb3ae28da3c38c71367bce0,E4,"['Abortion Clinics', 'Alternative Birthing Services', 'Birth Education', 'Birth Orientation', 'Birthing Centers', 'Childbirth Preparation Centers', 'Delivery/Childbirth Services', 'Early Pregnancy Classes', 'Fertility Treatment Centers', 'Genetic Counseling', 'Human Sexuality Counseling', 'Human Sexuality Education', 'Infertility Treatment', 'Lamaze', 'Maternal and Infant Care', 'Maternity Care', 'Midwifery', 'Natural Childbirth Education', 'Neonatal Care', 'Newborn Infant Care', 'Obstetrics and Gynecology Clinics', 'Post Abortion Care', 'Postpartum Care', 'Pregnancy Termination Clinics', 'Prenatal Care Centers', 'Prenatal Counseling', 'Pro-Choice Counseling', 'Pro-Life Counseling', 'Right to Life Counseling', 'Safe Sex', 'Sex Education', 'Voluntary Sterilization Centers', 'Sterilization', 'Womens Health Centers']"
29,5bb3ae28da3c38c71367bce1,E4,"['Birth Control', 'Birth Spacing', 'Contraception', 'Contraceptives', 'Family Planning', 'Natural Family Planning', 'Planned Parenthood', 'Pregnancy Prevention']"
30,5bb3ae28da3c38c71367bce2,E5,"['Art Therapy', 'Audiological evaluations', 'Auditory Training', 'Corrective Therapy', 'Cued Speech Instruction', 'Easter Seal Societies', 'Equestrian Therapy', 'Equine-facilitated Therapy', 'Equine Therapy', 'Dance Therapy', 'Easter Seal Society', 'Finger Spelling Instruction', 'Hippo Therapy', 'Horse Therapy', 'Hydrotherapy', 'Kinesiology', 'Language Therapy', 'Music Therapy', 'Occupational Therapy', 'Oral Communication Instruction', 'Pediatric Occupational Therapy', 'Physical Therapy', 'Sign Language Instruction', 'Speech and Hearing Centers', 'Speech and Language Evaluations', 'Speech Therapy', 'Therapeutic Horseback Riding', 'Therapeutic Horsemanship', 'Therapeutic Riding', 'Total Communication Instruction', 'Water Therapy']"
31,5bb3ae28da3c38c71367bce3,E6,"['Cooperative Hospital Services', 'Pharmaceutical Services', 'Pharmacies', 'Pharmacology', 'Shock, Trauma Programs']"
32,5bb3ae28da3c38c71367bce4,E6,"['Blood Banks', 'Blood Donations', 'Blood Donor Stations', 'Blood Drives', 'Blood Supply', 'Plasma Supply', 'Whole Blood Substitute']"
33,5bb3ae28da3c38c71367bce5,E6,"['Advanced Life Support', 'Ambulance', 'Ambulance Transport', 'Basic Life Support,', 'Emergency Medical Air Transport', 'Emergency Medical Care', 'Emergency Medical Services', 'Emergency Medical Technicians', 'Emergency Medical Transport', 'Emergency Medical Vehicle', 'EMS', 'EMT', 'First Aid Squads', 'First Responders', 'Life Squad', 'Lifelines', 'Mercy Flights', 'Rescue Squads', 'Trauma Care', 'Trauma Systems']"
34,5bb3ae28da3c38c71367bce6,E6,"['Anatomical Gifts', 'Body Donations', 'Bone Banks', 'Bone Marrow Donations', 'Ear Banks', 'Eye Banks', 'Organ Banks', 'Organ Donations', 'Tissue Banks', 'Tissue Donations']"
35,5bb3ae28da3c38c71367bce7,E7,"['Biohazards Research', 'Biostatistics', 'Centers for Disease Control', 'Childhood Immunizations', 'Communicable Diseases Control and Prevention', 'Community Health Promotion', 'Community Wellness', 'Disease Outbreaks', 'Diseases Control and Prevention', 'Employee Health', 'Environmental Health Hazards', 'Environmental Health', 'Environmental Medicine', 'Environmental Toxicology', 'Epidemiology', 'Ergonomics', 'Flu Shots', 'Foreign Travel Shots', 'Health Biostatistics', 'Health Fairs', 'Health Maintenance', 'Health Promotion', 'Health Screening', 'Immunizations', 'Industrial Hygiene', 'Industrial Medicine', 'Industrial Safety', 'Inoculations', 'International Health', 'International Public Health', 'Mass Health Screening', 'Medical Biostatistics', 'National Health', 'National Institutes of Health', 'Occupation Health Promotion', 'Occupational Health and Safety', 'Occupational Safety', 'Preventive Health', 'Public Health Medicine', 'Sexually Transmitted  Disease Control, Prevention', 'Surgeon General', 'Vaccinations', 'Venereal Disease Control, Prevention', 'Virology', 'Wellness', 'Worker Health', 'Workplace Health Promotion', 'Workplace Safety', 'Workplace Wellness', 'Worksite Wellness', 'World Health']"
36,5bb3ae28da3c38c71367bce8,E8,"['Advance Care Planning', 'Advance Directives Planning', 'Advance Health Care Planning', 'Advance Medical Planning', 'Black Lung Benefits Trust', 'End of life Care Planning', 'End of life Planning', 'End-of-life Care Planning', 'End-of-life Planning', 'AIDS Drug Assistance', 'Black Lung Benefit Trusts', 'Health Care Cost Containment', 'Bioethics', 'Health Care Costs', 'Health Care Economics', 'Health Care Fees & Charges', 'Health Care Financing', 'Health Insurance', 'Health Insurance Counseling', 'Health Insurance Premium Assistance', 'HMO Financing', 'Hospital Bill Assistance', 'Medical Bioethics', 'Medical Care Costs', 'Medical Ethics', 'Medical Expense Assistance', 'Medical Sociology', 'Medicare Counseling', 'Medigap Insurance Counseling', 'Medication Expense Assistance', 'Patient Care Planning', 'Patient Services', 'Prepaid Health Care', 'Prescription Drug Costs', 'Prescription Expense Assistance', 'Ryan White Consortium', 'State-Sponsored High-Risk Health Coverage', 'Treatment Costs', 'Terminal Care Planning']"
37,5bb3ae28da3c38c71367bce9,E8,"['Caregiver Support', 'Caregiver Training', 'Cancer Lodges', 'Health Care Counseling', 'Health Resocialization', 'Hostels', 'Hospital Lodges', 'Hospitality Houses', 'Make-a-Wish', 'Medical Apartments', 'Medical Treatment Lodges', 'Patient Entertainment', 'Patient Housing', 'Patient/ Family Housing', 'Patient/Family Enrichment', 'Patient Recreation', 'Patient Services Counseling', 'Ronald McDonald Houses', 'Wish Foundations']"
38,5bb3ae28da3c38c71367bcea,E9,[]
39,5bb3ae28da3c38c71367bceb,E9,"['Adult Family Care Homes', 'Alzheimers Homes', 'Chronic Care Homes', 'Convalescent Facilities', 'Convalescent Hospitals', 'Extended Care Facilities', 'Geriatric Centers', 'Homes for Aging', 'Intermediate Care Facilities', 'Long Term Care Facilities', 'Long Term Custodial Care', 'Long-Term Care Facilities', 'Long-Term Custodial Care', 'Nursing Care', 'Nursing Home Facilities', 'Nursing Homes', 'Rest Homes', 'Skilled Nursing Facilities']"
40,5bb3ae28da3c38c71367bcec,E9,"['Geriatric Home Nursing', 'Home Infusion Therapy', 'Home Care Services', 'Home Infusion Therapy', 'Home Nursing Care', 'Medical/Surgical Home Nursing', 'Oncology Home Nursing', 'Pediatric Home Nursing', 'Private Duty Nursing', 'Psychiatric Home Nursing', 'Registered Home Nursing', 'Rehabilitation Home Nursing', 'Restorative Home Nursing', 'Visiting Doctors', 'Visiting Nurses', 'Visiting Physicians']"
41,5bb3ae28da3c38c71367bced,E9,[]
42,5bb3ae28da3c38c71367bcee,F2,"['Addiction', 'Alcohol Abuse', 'Alcoholism', 'Chemical Dependency', 'Drug Abuse', 'Drug Addiction', 'Substance Abuse', 'Substance Dependence']"
43,5bb3ae28da3c38c71367bcef,F2,"['Addiction', 'Alcohol Abuse Awareness', 'Alcohol Abuse Education', 'Alcohol Abuse Prevention', 'Alcoholism', 'Chemical Dependency', 'D.A.R.E.', 'DARE', 'Drug Abuse Awareness', 'Drug Abuse Education', 'Drug Abuse Prevention', 'Drug Abuse Resistance Education', 'Drug Addiction', 'Substance Abuse Awareness', 'Substance Abuse Education', 'Substance Abuse Prevention', 'Substance Dependence']"
44,5bb3ae28da3c38c71367bcf0,F2,"['AA', 'Addiction', 'Alanon', 'Alateen', 'Alcohol Abuse Counseling', 'Alcohol Abuse Day Treatment', 'Alcohol Abuse Half-Way Houses', 'Alcohol Abuse Hotlines', 'Alcohol Detoxification', 'Alcoholics Anonymous', 'Alcoholism Drop-In Services', 'Alcoholism Recovery Group Homes', 'Alcoholism Recovery Hospitals', 'Alcoholism Rehabilitation', 'Alcohol-Related Crisis Intervention', 'Assessment for Substance Abuse', 'Central Intake/Assessment for Alcohol Abuse', 'Central Intake/Assessment for Drug Abuse', 'Central Intake/Assessment for Substance Abuse', 'Chemical Dependency Recovery Hospitals', 'Cocaine Anonymous', 'Drug Abuse Counseling', 'Drug Abuse Day Treatment', 'Drug Abuse Drop-In Services', 'Drug Abuse Half-Way Houses', 'Drug Abuse Hotlines', 'Drug Abuse Maintenance Treatment', 'Drug Abuse Recovery Group Homes', 'Drug Abuse Rehabilitation', 'Drug Addiction', 'Drug Dependency Recovery Hospitals', 'Drug Detoxification', 'Drug-Related Crisis Intervention', 'Emergency Alcoholism Services', 'Emergency Drug Abuse Services', 'Heroin Detoxification', 'Inpatient Alcoholism Treatment', 'Inpatient Drug Abuse Treatment', 'Inpatient Substance Abuse Hospitals', 'Methadone Detoxification', 'Naranon', 'Narcotics Anonymous', 'Outpatient Alcohol Abuse Treatment', 'Outpatient Drug Abuse Treatment', 'Outpatient Substance Abuse Treatment', 'Relapse Prevention/Transitional Substance Abuse', 'Residential Alcoholism Treatment', 'Residential Dug Abuse Treatment', 'Residential Substance Abuse Treatment', 'Sober Living Centers', 'Sobering Up Stations', 'Substance Abuse Counseling', 'Substance Abuse Crisis Intervention', 'Substance Abuse Day Treatment', 'Substance Abuse Drop-In Services', 'Substance Abuse Half-Way Houses', 'Substance Abuse Hospitals', 'Substance Abuse Hotlines', 'Substance Abuse Maintenance Treatment', 'Substance Abuse Recovery Group Homes', 'Substance Abuse Rehabilitation', 'Substance Dependence', 'Supportive Recovery Homes', 'Transitional Housing for Alcohol Abuse', 'Transitional Housing for Drug Abuse', 'Transitional Housing for Substance Abuse', 'Transitional Residential Alcohol Abuse Services', 'Transitional Residential Drug Abuse Services', 'Transitional Residential Substance Abuse Services', 'Twelve-Step Substance Abuse Mutual Support Groups']"
45,5bb3ae29da3c38c71367bcf1,F3,"['Animal-Assisted Therapy', 'Clinical Evaluation', 'Early Intervention', 'Forensic Psychiatric Evaluations', 'Hug-A-Pet Programs', 'Mental Health Related', 'Mental  Health Twelve Step', 'Mental Health Drop-in Centers', 'Mental Health Evaluation', 'Outpatient Mental Health Facilities', 'Pet-Assisted Therapy', 'Pet Therapy', 'Psychiatric Day Treatment Facilities', 'Psychological Testing', 'Psychosocial Evaluation']"
46,5bb3ae29da3c38c71367bcf2,F3,"['Hospitals for the Mentally Ill', 'Inpatient Mental Health Facilities', 'Inpatient Mental Health Treatment', 'Psychiatric Hospitals', 'State Mental Hospitals']"
47,5bb3ae29da3c38c71367bcf3,F3,"['Community Mental Health Clinics', 'Neighborhood Mental Health Centers']"
48,5bb3ae29da3c38c71367bcf4,F3,"['Boys Ranches', 'Group Homes, Housing', 'Mental Health Related', 'Transitional Residential Mental Health Care', 'Residential Treatment Facilities, Mental Health Related']"
49,5bb3ae29da3c38c71367bcf5,F4,"['Crisis Intervention Groups', 'Telephone Crisis Hotlines', 'Helplines', 'Hotlines', 'Mental Health Hotlines', 'Suicide Prevention']"
50,5bb3ae29da3c38c71367bcf6,F4,"['Rape Crisis Counseling', 'Rape Victim Hotlines', 'Sexual Assault Services']"
51,5bb3ae29da3c38c71367bcf7,F5,"['Addictive Behavior', 'Compulsive Behavior', 'Computer Addiction', 'Pathological Cravings', 'Shopaholic', 'Workaholic']"
52,5bb3ae29da3c38c71367bcf8,F5,"['Anti-Smoking Campaigns', 'Nicotine Addiction', 'Nicotine Dependency', 'Smoking Cessation', 'Smoking Education', 'Smoking Prevention', 'Smoking Withdrawal Clinics', 'Stop Smoking', 'Tobacco Addiction', 'Tobacco Habit']"
53,5bb3ae29da3c38c71367bcf9,F5,"['Anorexia', 'Binge Eating', 'Boulimia', 'Bulimarexia', 'Bulimia', 'Dysorexia', 'Eating Addictions', 'Eating Disorders', 'Hyperphagia', 'Obesity', 'Overeating', 'Pica', 'Rumination Disorder']"
54,5bb3ae29da3c38c71367bcfa,F5,"['Compulsive Gambling', 'Gamblers Anonymous', 'Pathological Gambling']"
55,5bb3ae29da3c38c71367bcfb,F6,"['Adolescent Counseling', 'Adult Incest Survivor Counseling', 'Anger Management', 'Bereavement Counseling', 'Child Abuse Counseling', 'CISD', 'Critical Incident Stress Debriefing', 'Cult Membership Counseling', 'Cultural Transition Counseling', 'Disability Counseling', 'Elder Abuse Counseling', 'Employee Assistance', 'Employment Transition Counseling', 'Family Violence Counseling', 'Geriatric Counseling', 'Gestalt Therapy', 'Grief Counseling', 'Health Problems Counseling', 'Parent Abuse Counseling', 'Peer Counseling', 'Psychiatric Disorder Counseling', 'Sexual Offender Counseling', 'Sexual Orientation Counseling', 'Sexuality Counseling', 'Spousal Abuse Counseling', 'Spouse Abuse Counseling', 'Terminal Illness Counseling', 'Veteran Counseling', 'Youth Counseling']"
56,5bb3ae29da3c38c71367bcfc,F7,"['Acute Stress Disorder', 'ADD', 'ADHD', 'Adjustment Disorders', 'Affective Disorders', 'Agoraphobia', 'Amnesia Antisocial Personality Disorder', 'Anxiety Disorders', 'Attention Deficit & Disruptive Behavior Disorders', 'Attention Deficit Disorders', 'Attention-Deficiency/Hyperactivity Disorder', 'Avoidant Personality Disorder', 'Bipolar Disorder', 'Body Dymorphic Disorder', 'Borderline Personality Disorder', 'Breathing-Related Sleep Disorder', 'Briquet Syndrome', 'Capgras Syndrome', 'Catatonic Schizophrenia', 'Child Mental Disorders', 'Childhood Mental Health Disorders', 'Circadian Rhythm Sleep Disorder', 'Clereambault Syndrome', 'Cognitive Disorders', 'Conduct Disorders', 'Conversion Disorder', 'Cyclothymic Disorder', 'Delirium', 'Delusional Disorder', 'Dementia', 'Dependent Personality Disorder', 'Depersonalization Disorder', 'Depression', 'Disorganized Schizophrenia', 'Disruptive Behavior Disorders', 'Dissociative Amnesia', 'Dissociative Disorders', 'Dissociative Identity Disorder', 'Dysthymic Disorder', 'Encopresis', 'Enuresis', 'Exhibitionism', 'Factitious Disorders', 'False Memory Syndrome', 'Fetishism', 'Frotteurism', 'Fugue', 'GAD: Ganser Syndrome', 'Gender Dysphoria', 'Gender Identity Disorder', 'Generalized Anxiety Disorders', 'Histrionic Personality Disorder', 'Hypersomnia', 'Hypochondria', 'Hypocondriasis', 'Hysteria', 'Insomnia', 'Intermittent Explosive Disorder', 'Kleptomania', 'Kluver-Bucy Syndrome', 'Manic Depression', 'Masochism', 'Mental Disorders', 'Mental Illness', 'Mood Disorders', 'Multiple Personality Disorder', 'Munchausen Syndrome', 'Mutism', 'Narcissistic Personality Disorder', 'Nightmare Disorder', 'Obsessive-Compulsive Disorders', 'Obsessive-Compulsive Personality Disorder', 'OCD', 'ODD', 'Oppositional Defiant Disorder', 'Organic Mental Disorders', 'Pain Disorders', 'Panic Attacks', 'Panic Disorder', 'Paranoid Personality Disorder', 'Paranoid Schizophrenia', 'Paraphilias', 'Parasomnias', 'Passive-Aggressive Personality Disorder', 'Pedophilia', 'Personality Disorders', 'Postpartum Depression', 'Posttraumatic Stress Syndrome', 'Pseudodementia', 'Pseudopsychosis', 'Psychiatric Illness', 'Psychological Sexual Dysfunctions', 'Psychotic Disorders', 'Psychotic Disorders', 'Pyromania', 'Sadism', 'Schizoid Personality Disorder', 'Schizophrenia', 'Schizotypal Personality Disorder', 'Seasonal Affective Disorder', 'Separation Anxiety', 'Sexual & Gender Identity Disorders', 'Sexual Arousal Disorders', 'Sexual Desires Disorders', 'Sexual Masochism', 'Sexual Sadism', 'Shared Paranoid Schizophrenia', 'Sleep Disorders', 'Sleep Terror Disorder', 'Sleepwalking Disorders', 'Social Phobia', 'Somatoform Disorders', 'Stereotypic Movement Disorder', 'Stress Related Disorders', 'Tic Disorders', 'Tourette Syndrome', 'Transvestic Fetishism', 'Traumatic Psychoses', 'Trichotillomania', 'Vaginismus', 'Voyeurism']"
57,5bb3ae29da3c38c71367bcfd,F8,['Multipurpose Mental Health Associations']
58,5bb3ae29da3c38c71367bcfe,F9,[]
59,5bb3ae29da3c38c71367bcff,G2,"['Achronplasia', 'Alagille Syndrome', 'Albinism', 'Amaurotic Familial Idiocy', 'Bardet-Biedl Syndrome', 'Birth Defects', 'Cerebral Palsy', 'Charcot-Marie Disease', 'Charcot-Marie-Tooth Disease', 'Chromosome Disorders', 'Clubfoot', 'Coffin-Lowrey Syndrome', 'Congenital Defects', 'Cri-du-Chat Syndrome', 'Crying Cat Syndrome', 'Cryptorchidism', 'Cystic Fibrosis', 'Cytochrome-c Oxidase Deficiency', 'Dandy-Walker Syndrome', 'De Lange Syndrome', 'Developmental Coordination Disorder', 'Factor X Deficiency', 'Fetal Alcohol Syndrome', 'Fragile X Syndrome', 'Friedreich Ataxia', 'Genetic Diseases', 'Hemophilia', 'Hereditary Diseases', 'Huntingtons Disease', 'Jervell-Lange Nielsen Syndrome', 'Kartagener Syndrome', 'Klinefelter Syndrome', 'Laurence-Moon Syndrome', 'Leigh Disease', 'Lesch-Nyhan Syndrome', 'Littles Disease', 'Lynch Syndrome', 'March of Dimes', 'Marfan Syndrome', 'Martin-Bell Syndrome', 'Mental Retardation', 'Motor Skills Disorder', 'Neurofibromatosis', 'Oral-Facial Clefts', 'Phenylketonuria', 'PKU', 'Porphyria', 'Prader-Willi Syndrome', 'Pseudoxanthoma Elasticum', 'Pyruvate Carboxylase Deficiency Disease', 'Pyruvate Dehydrogenase Complex Deficiency Disease', 'Rett Disorder', 'Rett Syndrome', 'Retts Disorder', 'Retts Syndrome', ""Rett's Disorder"", ""Rett's Syndrome"", 'Rh Disease', 'Romano-Ward Syndrome', 'Rubinstein-Taybi Syndrome', 'Sickle Cell', 'Spina Bifida', 'Sudden Infant Death', 'Tay Sachs', 'Testicular Feminization Syndrome', 'Thalassemia', 'Turner Syndrome', 'Turners Syndrome', 'WAGR Syndrome', 'Werner Syndrome', 'Williams Syndrome', 'Xeroderma Pigmentosum']"
60,5bb3ae29da3c38c71367bd00,G2,"['Trisomy', 'Down Anomaly', 'Downs Anomaly', 'Downs Syndrome', 'Mongolism', 'Trisomy 21']"
61,5bb3ae29da3c38c71367bd01,G3,"['Bladder Cancer', 'Bone Cancer', 'Burkitts Lymphoma', 'Cancer', 'Carcinoma', 'Cervical Cancer', 'Colon Cancer', 'Colorectal Cancer', 'Fallopian Tube Cancer', 'Kaposi Sarcoma', 'Leukemia', 'Liver Cancer', 'Lung Cancer', 'Lymphoma', 'Melanoma', 'Multiple Myeloma', 'Oral Cancer', 'Ovarian Cancer', 'Pagets Disease', 'Pancreatic Cancer', 'Prostate Cancer', 'Rectal Cancer', 'Renal Cancer', 'Sarcoma', 'Skin Cancer', 'Stomach Cancer', 'Testicular Cancer', 'Uterine Cancer', 'Vaginal Cancer', 'Vulva Cancer', 'Womens Cancer']"
62,5bb3ae29da3c38c71367bd02,G3,['Breast cancer']
63,5bb3ae29da3c38c71367bd03,G4,"['Alopecia', 'Antitrypsin Deficiency', 'Bedwetting', 'Bladder Diseases', 'Cystitis', 'Diseases of the Spleen', 'Dwarfism', 'Dystrophic Epidermolysis Bullosa', 'Endometriosis', 'Enuresis', 'Epididymitis', 'Erectile Dysfunction', 'Female Genital Diseases', 'Genitourinary Diseases', 'Hansens Disease', 'Hematuria', 'Hemoglobinuria', 'Hepatitis', 'Hydrocele', 'Impotence', 'Incontinence', 'Infertility', 'Leprosy', 'Liver Diseases', 'Male Genital Diseases', 'Menopausal Disorders', 'Oliguria', 'Ovarian Cysts', 'Penile Diseases', 'Polyuria', 'Prostatic Diseases', 'Psoriasis', 'Renal Failure', 'Sjogrens Syndrome', 'Skin Diseases', 'Thyroid Diseases', 'Ureteral Diseases', 'Urethral Diseases', 'Urinary Tract Infections', 'Urination Disorders', 'Urogenital Diseases', 'Uterine Diseases', 'Vaginal Diseases', 'Vesico-Ureteral Reflux', 'Vitiligo', 'Vulvar Diseases']"
64,5bb3ae2ada3c38c71367bd04,G4,"['Achromatic Vision', 'Amaurosis', 'Amblyopia', 'Ametropia', 'Aniseikonia', 'Anisometropia', 'Asthenopia', 'Astigmatism', 'Blindness', 'Choroid Diseases', 'Color Blindness', 'Conjunctival Diseases', 'Corneal Diseases', 'Diochromatic Vision', 'Diplopia', 'Double Vision', 'Duane Retraction Syndrome', 'Eyelid Diseases', 'Glaucoma', 'Hemeralopia', 'Hemianopsia', 'Hyperopia', 'Lacrimal Apparatus Diseases', 'Lens Diseases', 'Low Vision', 'Macular Degeneration', 'Miller Fisher Syndrome', 'Myopia', 'Night Blindness', 'Nyctalopia', 'Ocular Hypertension', 'Ocular Hypotension', 'Ocular Motility Disorders', 'Optic Nerve Diseases', 'Orbital Diseases', 'Presbyopia', 'Proliferative Vitreoretinopathy', 'Pupil Disorders', 'Refractive Errors', 'Retenal Diseases', 'Retinal Dysplasia', 'Retinitis Pigmentosa', 'Retinitis', 'Scleral Diseases', 'Scleritis', 'Scotoma', 'Scotoma', 'Strabismus', 'Tolosa-Hunt Syndrome', 'Tunnel Vision', 'Uveal Diseases', 'Uvenitis', 'Vision Disorders', 'Vitreous Detachment']"
65,5bb3ae2ada3c38c71367bd05,G4,"['Aneurysm', 'Angina Pectoris', 'Angiodysplasia', 'Angioneurotic Edema', 'Aortic Diseases', 'Arrhythmia', 'Arterial Occulsive Diseases', 'Arteriosclerosis', 'Arteritis', 'Bradycardia', 'Capillary Leak Syndrome', 'Carcinoid Heart Disease', 'Cardiac Arrest', 'Cardiac Tamponade', 'Cardiomegaly', 'Cardiovascular Diseases', 'Carotid Stenosis', 'Congestive Heart Failure', 'Coronary Thrombosis', 'CREST Syndrome', 'Dysrhythmia', 'Embolism', 'Endocarditis', 'Erythromelalgia', 'Fibromuscular Dysplasia', 'Heart Aneurysm', 'Heart Diseases', 'Heart Valve Disease', 'High Blood Pressure', 'Hperemia', 'Hypertension', 'Hypertrophy', 'Hypotension', 'Ischemic Heart Disease', 'Leriches Syndrome', 'Low Blood Pressure', 'Mesenteric Vascular Occulsion', 'Mitral Valve Prolapse', 'Myocardial Diseases', 'Myocardial Infarction', 'Myocardial Ischemia', 'Paroxysmal Tachycardia', 'Pericardial Effusion', 'Pericarditis', 'Peripheral Vascular Diseases', 'Phlebitis', 'Phlebolgy', 'Pneumopericardium', 'Polyarteritis Nodosa', 'Postpericardiotomy Syndrome', 'Postphlebitic Syndrome', 'Pulmonary Heart Disease', 'Pulmonary Veno-Occulsive Disease', 'Raynauds Disease', 'Retinal Vein Occulsion', 'Rheumatic Heart Disease', 'Scimitar Syndrome', 'Shwartzman Phenomenon', 'Stroke', 'Spinal Cord Vascular Diseases', 'Superior Vena Cava Syndrome', 'Tachycardia', 'Telangiectasis', 'Thoracic Outlet Syndrome', 'Thromboangiitis Obiterans', 'Thrombophlebitis', 'Thrombosis', 'Varicose Veins', 'Variococele', 'Vascualr Fistula', 'Vascular Diseases', 'Vasculitis', 'Vasuclar Hemostatic Disorders', 'Venous Disorders', 'Venous Insufficiency', 'Ventricular Dysfunciton', 'Waldenstrom Macroglobulinemia']"
66,5bb3ae2ada3c38c71367bd06,G4,"['Anuria', 'Cystic Kidney', 'Fanconi Syndrome', 'Glomerulonephritis', 'Hemolytic-Uremic Syndrome', 'Hepatorenal Syndrome', 'Hydronephosis', 'Kidney Calculi', 'Kidney Cortex Necrosis', 'Kidney Failure', 'Kidney Papillary Necrosis', 'Kidney Stones', 'Nephritis', 'Nephrocalcinosis', 'Nephrosclerosis', 'Nephrosis', 'Nephrotic Syndrome', 'Perinephritis', 'Primary Hyperoxaluria', 'Pyelitis', 'Pyelonephritis', 'Real Artery Obstruction', 'Renal Failure', 'Renal Hypertension', 'Renal Osteodystrophy', 'Uremia']"
67,5bb3ae2ada3c38c71367bd07,G4,"['Asbestosis', 'Berylliosis', 'Black Lung Disease', 'Bronchial Diseases', 'Bronchiolitis Obliterans', 'Bronchitis', 'Bronchopulmonary Dysplasia', 'Byssinosis', 'Caplans Syndrome', 'Dyspnea', 'Emphysema', 'Eosinophilic Granuloma', 'Goodpasture Syndrome', 'Hand-Schueller-Christian Syndrome', 'Hemoptysis', 'Hyaline Membrane Disease', 'Interstitial Lung Diseases', 'Langerhans-Cell Histiocytosis', 'Letterer-Siwe Disease', 'Lung Abscess', 'Meconium Aspiration', 'Middle Lobe Syndrome', 'Non-Langerhans-Cell Histiocytosis', 'Obstructive Lung Diseases', 'Parasitic Lung Diseases', 'Pleural Diseases', 'Pleurisy', 'Pleuropneumonia', 'Pneumoconiosis', 'Pneumonia', 'Pulmonary Alveolar Proteinosis', 'Pulmonary Coin Lesion', 'Pulmonary Diseases', 'Pulmonary Edema', 'Pulmonary Embolism', 'Pulmonary Eosinophilia', 'Pulmonary Fibrosis', 'Pulmonary Plasma Cell Granuloma', 'Pulmonary Sarcoidosis', 'Radiation Pneumonitis', 'Respiration Disorders', 'Respiratory Distress Syndrome', 'Respiratory Insufficiency', 'Respiratory System Diseases', 'Respiratory Tract Diseases', 'Siderosis', 'Silicosis', 'Silo Fillers Disease', 'Tuberculosis', 'Wegeners Granulomatosis']"
68,5bb3ae2ada3c38c71367bd08,G4,"['Basal Ganglia Diseases', 'Brain Damage', 'Brain Diseases', 'Brain Injury', 'Brain Tumor', 'Cerebellar Diseases', 'Cerebrovascular Disorders', 'Chorea Gravidarum', 'Dejerine-Roussy Syndrome', 'Encephalomalacia', 'Hallervorden-Spatz Syndrome', 'Head Injury', 'Headache Disorders', 'Intracranial Hypertension', 'Intracranial Hypotension', 'Migraine', 'Seitelbergers Disease', 'Thalamic Diseases', 'Traumatic Brain Injury']"
69,5bb3ae2ada3c38c71367bd09,G5,"['ALS', 'Amyotrophic Lateral Sclerosis', 'Arnold Chiari Syndrome', 'Arthrogryposis', 'Atrophic Muscular Disorders', 'Autonomic Nervous System Diseases', 'Batten Disease', 'Bell Palsy', ""Bell's Palsy"", 'Bone Diseases', 'Bursitis', 'Cartilage Diseases', 'Central Nervous System Diseases', 'Chronic Fatigue Syndrome', 'Chronobiology Disorders', 'Circadian Rhythm Sleep Disorders', 'Connective Tissue Diseases', 'De Quervain Disease', 'Dysautonomia', 'Fibromyalgia', 'Guillain-Barre Syndrome', 'Hemiplegia', 'Jet Lag Syndrome', 'Joint Diseases', 'Lou Gehrig Disease', 'Miller Fisher Syndrome', 'Mitochondrial Myopathies', 'MS', 'Multiple Sclerosis', 'Muscular Diseases', 'Muscular Dystrophy', 'Muscle Diseases', 'Musculoskeletal & Connective Tissue Diseases', 'Musculoskeletal Diseases', 'Myasthenia Gravis', 'Myoclonus', 'Myositis', 'Nervous System Diseases', 'Nervous System Trauma', 'Neurological Diseases', 'Osteoporosis', 'Parkinsons Disease', 'Rheumatic Diseases', 'Scheuermann Disease', 'Scoliosis', 'Spinal Cord Injury', 'Spinal Diseases', 'Spinal Disorders', 'Spondylitis', 'Spondylolisthesis', 'Tendinitis', 'Tennis Elbow', 'Tenosynovitis', 'Tietzes Syndrome', 'Tuberous Sclerosis']"
70,5bb3ae2ada3c38c71367bd0a,G5,"['Ankylosing Spondylitis', 'Chondrocalcinosis', 'Gout', 'Neurotrophic Arthritis', 'Osteoathritis', 'Palindromic Arthritis', 'Psoriatic Arthritis', 'Reiter Disease', 'Rheumatism', 'Rheumatoid Arthritis', 'Spondylarthritis']"
71,5bb3ae2ada3c38c71367bd0b,G5,"['Grand Mal', 'Haut Mal', 'Petit Mal']"
72,5bb3ae2ada3c38c71367bd0c,G6,"['Allergies', 'Anaphylaxis', 'Angioneurotic Edema', 'Drug Hypersensitivity', 'Environmental Illness', 'Food Allergies', 'Food Hypersensitivity', 'Hay Fever', 'Hives', 'Hypersensitivity', 'Latex Hypersensitivity', 'Multiple Chemical Sensitivities', 'Rhinitis', 'Sick Building Syndrome', 'Urticaria', 'Wissler Syndrome']"
73,5bb3ae2ada3c38c71367bd0d,G6,"['Bronchial Asthma', 'Status Asthmaticus']"
74,5bb3ae2ada3c38c71367bd0e,G7,"['Abdominal Pain', 'Biliary Tract Diseases', 'Colitis', 'Crohns Disease', 'Curlings Ulcer', 'Diarrhea', 'Digestive System Diseases', 'Diverticulosis', 'Duodenal Ulcer', 'Esophageal Diseases', 'Gallbladder Diseases', 'Gastroenteritis', 'Gastrointestinal Diseases', 'Hernia', 'Ileitis', 'Intestinal Diseases', 'Jaundice', 'Mesenteric Vascular Occlusion', 'Pancreatic Diseases', 'Pancreatic Diseases', 'Peptic Ulcer', 'Peritoneal Diseases', 'Protein-Losing Enteropathies', 'Stomach Diseases', 'Stomach Ulcer', 'Visceroptosis']"
75,5bb3ae2ada3c38c71367bd0f,G8,"['Achlorhydria', 'Achylia Gastrica', 'Acne', 'Acneiform Eruptions', 'Acquired Language Disorders', 'Addisons Disease', 'Adiposis Dolorosa', 'Agent Orange', 'Agraphia', 'Alcoholism', 'Alopecia', 'Antitrypsin Deficiency', 'Amebiasis', 'Amyloidosis', 'Anemia', 'Anomia', 'Aphasia', 'Articulation Disorders', 'Avitaminosis', 'Besnier-Boeck Disease', 'Blind Loop Syndrome', 'Boecks Sarcoid Disease', 'Bovine Spongiform Encephalopathy (BSE)', 'Breast Diseases', 'Burns', 'Calcium Metabolism Disorders', 'Carpal Tunnel Syndrome', 'Cavernous Hemangioma', 'Celiac Disease', 'Chiari-Frommel Syndrome', 'Child Nutrition Disorders', 'Chlamydia', 'Cholera', 'Coagulation Defects', 'Communications Disorders', 'Cretinism', 'Creutzfeldt-Jakob Disease', 'Cryoglobulinemia', 'Cushing Syndrome', 'Deficiency Diseases', 'Dengue Fever', 'Dermatitis', 'Dermatomyositis', 'Dermatoses', 'Desert Storm Syndrome', 'Diabetes', 'Dwarfism', 'Dysarthria', 'Dyslexia', 'Dystrophic Epidermolysis Bullosa', 'Ebola Virus Hemorrhagic Fever', 'Echolalia', 'Eczema', 'Ehlers-Danlos Syndrome', 'Encephalitis', 'Endocrine Diseases', 'Epstein-Barr Virus', 'Erythema', 'Euthyroid Sick Syndromes', 'Exanthema', 'Expressive Language Disorder', 'Fifth Disease', 'Food Poisoning', 'Foodborne Infections', 'Foot Diseases', 'Frommels Disease', 'Galactorrhea', 'Genital Herpes', 'Genital Warts', 'Glucose Intolerance', 'Goiter', 'Gonadal Disorders', 'Gonorrhea', 'Graves Disease', 'Gynecomastia', 'Hair Diseases', 'Head Lice', 'Hemic Disease', 'Hemorrhagic Fevers', 'Hirsutism', 'Histiocytosis', 'Hookworm Infection', 'Hyperammonemia', 'Hyperbilirubinemia', 'Hyperglobulinemic Purpura', 'Hyperglycemia', 'Hyperinsulinemia', 'Hyperinsulinemia', 'Hyperinsulinism', 'Hyperlipidemia', 'Hyperoxaluria', 'Hyperparathyroidism', 'Hyperprolactinemia', 'Hyperthyroidism', 'Hyperthyroxinemia', 'Hypervitaminosis A', 'Hypochlorhydria', 'Hypoglycemia', 'Hypoparathyroidism', 'Hypothyroidism', 'Immunological Diseases', 'Immunoparasitology', 'Infectious Diseases', 'Injuries', 'Intertrigo', 'Iron Metabolism Disorders', 'Iron Overload', 'Iron-Deficiency Anemia', 'Juvenile Xanthogranuloma', 'Keratoacanthoma', 'Keratosis', 'Kimura Disease', 'Kussmaul Aphasia', 'Lactation Disorders', 'Lactose Intolerance', 'Language Disorders', 'Learning Disabilities', 'Lipodystrophy', 'Lupus', 'Lyme Disease', 'Lymphatic Diseases', 'Mad Cow Disease', 'Magnesium Deficiency', 'Malabsorption Syndromes', 'Malaria', 'Marchiafava-Micheli Syndrome', 'Mast-Cell Disease', 'Mastitis', 'Mastocytosis', 'Meningitis', 'Metabolic Diseases', 'Metabolic Skin Diseases', 'Metabolic Syndrome X', 'Mitochondrial Diseases', 'Mononucleosis', 'Mutism', 'Myxedema', 'Nail Diseases', 'Narcolepsy', 'Necrobiosis Lipoidica', 'Necrobiotic Disorders', 'Neurodermatitis', 'Nutrition Disorders', 'Nutritional Diseases', 'Obesity', 'Ochronosis', 'Orchitis', 'Orphan Diseases', 'Owrens Disease', 'Panniculitis', 'Papulosquamous Skin Diseases', 'Parasitology', 'Parasitic Diseases', 'Parathyroid Diseases', 'Persian Gulf Syndrome', 'Phosphorus Metabolism Disorders', 'Photosensitivity Disorders', 'Pickwickian Syndrome', 'Pigmentation Disorders', 'Pituitary Diseases', 'Pityriasis Lichenoides', 'Pityriasis Rosea', 'Pityriasis Rubra Pilaris', 'Plague', 'Porphyria', 'Potassium Deficiency', 'Prader-Willi Syndrome', 'Protein Deficiency', 'Prurigo', 'Pruritus', 'Rare Diseases', 'Refetoff Syndrome', 'Refetoff-DeWind-DeGroot Syndrome', 'Reyes Syndrome', 'Rocky Mountain Spotted Fever', 'Roundworm', 'Sarcoidosis', 'Scabies', 'Schamberg Disease', 'Schaumann Disease', 'Schistosomiasis', 'Schoenlein-Henoch Purpura', 'Scleredema', 'Scurvy', 'Sexually Transmitted Diseases', 'Short Bowel Syndrome', 'Sjogrens Syndrome', 'Skin Diseases', 'Sleeping Sickness', 'Speech Disorders', 'Stammering', 'Stuart-Prower Disease', 'Stuttering', 'Syphilis', 'TB', 'Testicular Diseases', 'Thymus Hyperplasia', 'Thyroid Diseases', 'Thyroid Hormone Resistance Syndrome', 'Thyroiditis', 'Thyrotoxicosis', 'Tick-borne Diseases', 'Trauma', 'Trichomoniasis', 'Tropical Diseases', 'Tropical Sprue', 'Typhoid Fever', 'Varicocele', 'Venereal Diseases', 'Virilism', 'Vitamin Deficiency', 'Vitiligo', 'Willebrand Disease', 'Waldenstrom Macroglobulinemia', 'Warts', 'Wasting Disease', 'Wasting Syndrome', 'Water-Electrolyte Imbalance', 'Waterhouse-Friderichsen Syndrome', 'West Nile Encephalitis', 'West Nile Virus', 'Whipples Disease', 'Wounds', 'Xanthomatosis', 'Yellow Fever']"
76,5bb3ae2ada3c38c71367bd10,G8,"['Acquired Immunodeficiency Syndrome', 'HIV', 'HIV/AIDS', 'HIV Related Diseases', 'Human Immunodeficiency Virus']"
77,5bb3ae2ada3c38c71367bd11,G8,[]
78,5bb3ae2ada3c38c71367bd12,G8,"['Aspergers Disorder', 'Autistic Disorder', 'Childhood Disintegration Disorder', 'Pervasive Developmental Disorder']"
79,5bb3ae2ada3c38c71367bd13,G9,"['Anesthesiology', 'Cardiology', 'Cardiovascular Medicine', 'Chiropractic', 'Dermatology', 'Emergency Medicine', 'Endocrinology', 'Family Practice', 'Forensic Medicine', 'Gastroenterology', 'Gynecologists', 'Hematology', 'Immunology', 'Infectious Disease', 'Internal Medicine', 'Mortuary Science', 'Nephrology', 'Nuclear Medicine', 'OB/GYN', 'Obstetric/Gynecology', 'Occupational Medicine', 'Oncology', 'Ophthalmology', 'Optometry', 'Osteopathic Medicine', 'Otolaryngology', 'Pathology', 'Phlebology', 'Physical Medicine', 'Podiatry', 'Preventive Medicine', 'Psychiatry', 'Pulmonary Disease Specialists', 'Radiology', 'Rehabilitative Medicine', 'Reproductive Medicine', 'Rheumatology', 'Urology', 'Venereology']"
80,5bb3ae2bda3c38c71367bd14,G9,"['Biomedical Engineering', 'Biomedicine', 'Clinical Engineering', 'Rehabilitation Engineering']"
81,5bb3ae2bda3c38c71367bd15,G9,[]
82,5bb3ae2bda3c38c71367bd16,G9,"['Neurology', 'Neurosciences']"
83,5bb3ae2bda3c38c71367bd17,G9,"['Neonatology', 'Perinatology']"
84,5bb3ae2bda3c38c71367bd18,G9,"['Colon & Rectal Surgery, Colorectal Surgery', 'Cosmetic Surgery', 'Neurological Surgery', 'Neurosurgery', 'Orthopedics', 'Orthopedic Surgery', 'Plastic Surgery', 'Reconstructive Surgery', 'Thoracic Surgery', 'Traumatology']"
85,5bb3ae2bda3c38c71367bd19,G9,[]
86,5bb3ae2bda3c38c71367bd1a,I2,"['Anti-Crime Patrols', 'Arson Prevention', 'Block Parents', 'Block Watch', 'Child Finger Television', 'Citizen Crime Reporting', 'Citizen Patrols', 'Citizens Crime Watch', 'Civilian Crime Patrols', 'Community Watch', 'Crime Reporting', 'Crime Prevention', 'Crime Watch', 'Crime Stoppers', 'Crimebusters', 'Crimestoppers', 'Crimewatch', 'Dangerous Weapons Regulation and Control', 'Firearms Control', 'Fraud Reporting', 'Gun Control', 'Hate Crime Prevention', 'Home Alert', 'Kidnapped Children', 'Missing Children', 'Missing Persons', 'Neighborhood Watch', 'Online Crime Prevention', 'Self-Defense', 'Tip Lines', 'Violence Prevention']"
87,5bb3ae2bda3c38c71367bd1b,I2,"['Gang Related', 'Juvenile Delinquency Prevention', 'SADD', 'Students Against Destructive Decisions', 'Students Against Drunk Driving', 'Youth Crime Prevention']"
88,5bb3ae2bda3c38c71367bd1c,I3,"['Detention of Alleged Law Violators', 'Detention of Law Violators', 'Jails', 'Penitentiaries', 'Prisons']"
89,5bb3ae2cda3c38c71367bd1d,I3,"['Half-Way Houses for Ex-Offenders', 'Half-Way Houses for Offenders', 'Prerelease Centers', 'Transitional Care for Ex-Offenders', 'Transitional Care for Offenders', 'Work Release Centers']"
90,5bb3ae2cda3c38c71367bd1e,I4,"['Bail Assistance', 'Correctional Restitution', 'Court Referral', 'Day Reporting Centers', 'Electronic Monitoring of Detention', 'Ex-Offender Counseling', 'Ex-Offender Reentry', 'Juvenile Parole', 'Parole', 'Pre-Release', 'Pretrial Electronic Monitoring', 'Pretrial Release', 'Probation', 'Restorative Justice', 'Teen Court', 'Victim/Offender Reconciliation', 'VORP', 'Work Furlough', 'Work Release', 'Youth Court']"
91,5bb3ae2cda3c38c71367bd1f,I4,"['Correctional Education', 'Family Visitation', 'Family Visitation Support', 'Inmate Counseling', 'Inmate Pre-Release Reentry', 'Inmate Support', 'Inmate Visitation', 'Inmate Visiting Transportation', 'Jail Visitation', 'Offender Advocates', 'Pregnant/Parenting Inmate Support', 'Prison Libraries', 'Prison Ministries', 'Prison Visitation', 'Prisoner Locator', 'Volunteer Inmate Visiting', 'Volunteer Jail Visiting']"
92,5bb3ae2cda3c38c71367bd20,I4,"['Adult Diversion', 'Alternatives to Incarceration', 'Community Corrections', 'Community-Based Correctional Facility', 'Day Treatment for Offenders', 'Diversion', 'Group Homes for Offenders', 'Home Confinement', 'Housing', 'Intensive Supervision of Offenders', 'Juvenile Alternative Sentencing', 'Juvenile Detention Facilities', 'Juvenile Detention Homes', 'Juvenile Diversion', 'Juvenile Justice System', 'Prison Alternatives', 'Prison Boot Camps', 'Reformatories', 'Residential Restitution Centers', 'Residential Treatment Facilities for Offenders', 'Weekend Sentences']"
93,5bb3ae2cda3c38c71367bd21,I5,"['Administration of Justice', 'Alternatives to Litigation', 'Bail Deviation', 'Court Administration', 'Court Orientation for Offenders', 'Court Reform', 'Courts', 'Criminal Justice Systems', 'Expert Witnesses', 'Penal Reform', 'Prison Reform']"
94,5bb3ae2cda3c38c71367bd22,I5,"['Alternative Dispute Resolution', 'Alternative to Litigation', 'Arbitration', 'Conflict Resolution', 'Dispute Resolution', 'Dissolution Assistance', 'Labor Mediation', 'Landlord/Tenant Mediation', 'Mediation', 'Mini-Trials']"
95,5bb3ae2cda3c38c71367bd23,I6,"['Fraternal Order of Police', 'K-9 Police team', 'Law Enforcement Agencies', 'Police Academies', 'Police Auxiliaries', 'Police Benefit Associations', 'Police Benevolent Associations', 'Police Chaplains', 'Police Departments', 'Police Protective Associations', 'Police Reserves', 'Police Training', 'Sheriffs Associations', ""Sheriff's Posse"", 'Sheriffs Posse']"
96,5bb3ae2cda3c38c71367bd24,I7,"['Abuse of the Elderly', 'Abuse Prevention', 'Crimes Against the Elderly', 'Domestic Violence', 'Elder Abuse', 'Granny Bashing', 'Granny Dumping', 'King Lear Syndrome', 'Violence in the Family', 'Violence Prevention', 'Violent Families']"
97,5bb3ae2cda3c38c71367bd25,I7,"['Battered Husbands', 'Battered Wives', 'Conjugal Crime Prevention', 'Domestic Abuse Prevention', 'Domestic Rape Prevention', 'Domestic Violence', 'Husband Abuse Prevention', 'Marital Rape Prevention', 'Spousal Abuse Prevention', 'Wife Abuse Prevention']"
98,5bb3ae2cda3c38c71367bd26,I7,"['Abuse of Children', 'Abused Children', 'Abusive Parents', 'Battered Children', 'CAC', 'Child Abuse Hotlines', 'Child Abuse Prevention', 'Child Neglect', 'Child Protection', 'Cruelty to Children', 'Domestic Violence', 'Incest', 'Infanticide', 'Parents Anonymous', 'Prevention of Child Mistreatment', 'Shaken Baby Syndrome']"
99,5bb3ae2cda3c38c71367bd27,I7,"['Child Molestation Prevention', 'Dating Violence Prevention', 'Domestic Violence', 'Rape Prevention', 'Sexual Assault Prevention', 'Sex Offender Registration']"
100,5bb3ae2cda3c38c71367bd28,I8,"['Court-appointed Counsel', 'Discrimination Assistance', 'Equal Employment Opportunity', 'Fair Housing', 'Fair Housing Counseling', 'Guardians ad Litem', 'Guardianship', 'Housing Discrimination Assistance', 'Housing Discrimination Counseling', 'Landlord/Tenant Law', 'Legal Aid', 'Legal Aid to the Poor', 'Legal Counseling', 'Legal Representation', 'Legal Services for Indigents', 'Pro Bono Cases', 'Public Defenders']"
101,5bb3ae2cda3c38c71367bd29,I8,"['Class Action Lawsuits', 'Public Interest Law', 'Public Interest Litigation']"
102,5bb3ae2cda3c38c71367bd2a,I9,[]
103,5bb3ae2cda3c38c71367bd2b,J2,"['Bonding for Employment', 'Business Attire', 'Dislocated Workers Training', 'Displaced Homemakers', 'Dress for Success', 'Employment Acquisition', 'Employment Agencies', 'Employment Placement Agencies', 'Employment Preparation', 'Employment Procurement', 'Employment Referrals', 'Employment Resource Center', 'Employment Retraining', 'Employment Screening/Finding', 'Equal Employment Opportunity', 'Foreign Employment', 'Job Banks', 'Job Clubs', 'Job Counseling and Placement', 'Job Fairs', 'Job Information Clearinghouses', 'Job Information Lines', 'Job Interview Training', 'Job Listings', 'Job Placement Assistance', 'Job Readiness', 'Job Referrals', 'Job Search Assistance', 'Job Search Resource Center', 'Occupational Retraining', 'Occupational Training for Dislocated Workers', 'OICs', 'Opportunities Industrialization Centers', 'Post Employment Assistance', 'Pre-Job Guidance', 'Reentry Training', 'Resume Preparation Assistance', 'Retraining', 'SCSEP', 'Senior Citizen Employment', 'Senior Community Service Employment', 'SER-Jobs for Progress', 'Title V', 'Work Reentry Training']"
104,5bb3ae2cda3c38c71367bd2c,J2,"['Assessment Testing', 'Career Awareness', 'Career Counseling', 'Career Development', 'Career Goals', 'Career Guidance', 'Career Planning', 'Employment Aptitude Testing', 'Employment Counseling', 'Employment Interest Measures', 'Interest Inventories', 'Job Counseling', 'Vocational Assessment', 'Vocational Counseling', 'Vocational Guidance', 'Vocational Information', 'Vocational Testing']"
105,5bb3ae2cda3c38c71367bd2d,J2,"['Apprenticeship & Training Trusts', 'Apprenticeships', 'Community Work & Training', 'Employment Training', 'Field Experience', 'Industrial Training', 'In-service Training', 'Internships', 'Job Corps', 'Job Training', 'Jobs Training Partnership Act', 'JTPA', 'JTPA Summer', 'Manpower Training', 'Occupational Training', 'On-the-Job Training', 'Personnel Training', 'Practice Teaching', 'Practicums', 'Public Employment & Training', 'Residency', 'School to Career', 'School to Work', 'Senior Community Service Employment', 'Student Field Work', 'Summer Youth Employment', 'Title IIA', 'Title IIB', 'Title IIC', 'Welfare to Work', 'WIA', 'Work & Training', 'Work Experience', 'Workfare', 'Workforce Development', 'Workforce Investment Act', 'Youth Corps', 'Youth Job Training & Employment']"
106,5bb3ae2cda3c38c71367bd2e,J3,"['Employment for Disabled Persons', 'Employment for the Homebound', 'Homebound Employment', 'Housebound Employment', 'Job Coach', 'On-the-Job Coaching', 'Supported Employment', 'Work Adjustment Training']"
107,5bb3ae2cda3c38c71367bd2f,J3,[]
108,5bb3ae2cda3c38c71367bd30,J3,"['Remunerative Sheltered Employment', 'Sheltered Employment', 'Sheltered Remunerative Employment', 'Sheltered Work Activity Centers', 'Sheltered Workshops']"
109,5bb3ae2cda3c38c71367bd31,K3,"['Baby Food Suppliers', 'Commodity Distribution', 'Community Food Gardening', 'Cooperative Food Purchasing', 'Emergency Food', 'Farmers Markets', 'Food Aid', 'Food Assistance', 'Food Baskets', 'Food Cooperatives', 'Food Co-ops', 'Food Distribution', 'Food Gleaning', 'Food Lines', 'Food Vouchers', 'Groceries on Wheels', 'Grocery Vouchers']"
110,5bb3ae2dda3c38c71367bd32,K3,"['Food Banks', 'Food Clearinghouse', 'Food Closet', 'Food Outlets', 'Food Pantries', 'Food Supplement Distribution', 'Free Food Distribution', 'Surplus Commodity Distribution']"
111,5bb3ae2dda3c38c71367bd33,K3,"['Adult Care Feeding', 'Child Care Feeding', 'Child Nutrition', 'Group Meals', 'Low-Cost Meals', 'Meal Vouchers', 'Milk Programs', 'Nutrition Sites', 'School Breakfasts', 'School Lunches', 'Summer Food Service', 'Senior Nutrition Sites']"
112,5bb3ae2dda3c38c71367bd34,K3,"['Homeless Meals', 'Meals for Homeless People', 'Soup Kitchens']"
113,5bb3ae2dda3c38c71367bd35,K3,"['Home Delivered Meals', 'Home Meals', 'Meals on Wheels', 'Mobile Meals']"
114,5bb3ae2dda3c38c71367bd36,K4,"['Basic Food Groups', 'Healthful Eating', 'Nutrition Assistance', 'Nutrition Education', 'Special Supplemental Nutrition for Women, Infants and Children', 'USDA Food Pyramid', 'Vegetarianism.', 'WIC']"
115,5bb3ae2dda3c38c71367bd37,K5,"['Family Life', 'Homemaking', 'Housekeeping']"
116,5bb3ae2dda3c38c71367bd38,L2,"['Accessible Housing', 'Affordable Housing', 'Barrier-Free Housing', 'Habitat for Humanity', 'Housing Construction', 'Housing Cooperatives', 'Housing Development', 'Housing Management', 'Inexpensive Housing', 'Low Cost Housing', 'Low Income Housing', 'Low to Moderate Cost Housing', 'Low to Moderate Income Housing', 'Mobile Home Parks', 'Moderate Income Housing', 'Rooming Houses', 'Shared Housing', 'Single Room Occupancy', 'SRO Hotels', 'SRO Housing', 'SROs', 'Sweat Equity', 'Urban Homesteading']"
117,5bb3ae2dda3c38c71367bd39,L2,"['Farm Labor Housing Program', 'Federal Leased Housing', 'FMHA 515', 'Government Subsidized Housing', 'Housing and Urban Development Housing', 'Housing Authorities', 'HUD Housing', 'Leased Housing', 'Low and Moderate Income Housing', 'Low Income and Affordable Housing', 'Public Housing', 'Rent Subsidies', 'RHS Programs', 'Rural Housing Service', 'Section 202', 'Section 231', 'Section 236', 'Section 8', 'Section 811, Section 221(d)(3)', 'Section 221(d)(4)Subsidized Housing', 'Subsidized Rental Housing']"
118,5bb3ae2dda3c38c71367bd3a,L2,"['Age Restricted Communities', 'Agency on Aging Apartments', 'Elderly Housing', 'HUD 202', 'Retirement Communities', 'Retirement Homes', 'Section 202 Supportive Housing for the Elderly', 'Senior Apartment Complexes', 'Senior Citizens Housing', 'Senior Citizens Retirement Communities', 'Senior Congregate Living Facilities', 'Senior Retirement Communities']"
119,5bb3ae2dda3c38c71367bd3b,L2,"['HUD 811', 'Section 811 Supportive Housing for Persons with Disabilities.']"
120,5bb3ae2dda3c38c71367bd3c,L2,[]
121,5bb3ae2dda3c38c71367bd3d,L3,"['Home Purchase Listings', 'Home Rental Listings', 'Housing Search and Information', 'Relocation Assistance', 'Roommate Matching Assistance']"
122,5bb3ae2dda3c38c71367bd3e,L4,"['Bridge Housing for Homeless People', 'Emergency Housing', 'Hostels', 'Temporary Accommodations', 'Transitional Housing', 'Transitional Living Centers', 'Transitional Shelter', 'Youth Hostels']"
123,5bb3ae2dda3c38c71367bd3f,L4,"['Bad Weather Shelters', 'Bridge Housing', 'Community Shelters', 'Mission Housing', 'Motel Vouchers', 'Urban Campsites', 'Overnight Shelters']"
124,5bb3ae2dda3c38c71367bd40,L8,"['Home Purchase Counseling', 'Homeowner Purchase Counseling', 'Homeownership Counseling', 'Homeownership Education', 'Homeownership Training', 'Household Goods Storage Assistance', 'Housing Counsel', 'HUD Counseling Services', 'Mortgage Counseling', 'Moving Assistance']"
125,5bb3ae2dda3c38c71367bd41,L8,"['Bathroom Accessibility Modifications', 'Christmas in April', 'Energy Conservation Home Improvement', 'Energy Conservation Rebates', 'Home Barrier Evaluation', 'Home Barrier Removal', 'Home Energy Conservation', 'Home Improvement', 'Home Rehabilitation', 'Home Repairs', 'Insulation', 'Kitchen Accessibility Modifications', 'Ramp Construction', 'Weather Stripping', 'Weatherization']"
126,5bb3ae2dda3c38c71367bd42,L8,"['Construction Loans', 'Electric Bill Payments Assistance', 'Gas Bill Payments Assistance', 'Home Purchase Loans', 'House Payment Assistance', 'Housing Costs', 'Housing Down Payment Assistance', 'Housing Expense Assistance', 'Housing Payments Assistance', 'Mortgage Payments Assistance', 'Moving Expense Assistance', 'Property Tax Relief', 'Rent Assistance', 'Rental Deposit Assistance', 'Security Deposit Assistance', 'Telephone Bill Payments Assistance', 'Utility Bill Payments Assistance', 'Water Bill Payments Assistance']"
127,5bb3ae2dda3c38c71367bd43,M2,"['Relief', 'Avalanches', 'Brush Fires', 'Catastrophe Planning', 'Chemical Emergencies', 'Civil Defense', 'Civil Unrest', 'Community Disaster Information', 'Debris Removal', 'Disaster Alert Systems', 'Disaster Donations', 'Disaster Hotlines', 'Disaster Information', 'Disaster Kits', 'Disaster Loans', 'Disaster Mitigation', 'Disaster Planning', 'Disaster Preparedness', 'Disaster Readiness', 'Disaster Recovery Centers', 'Disaster Relief/Recovery', 'Disaster Relief', 'Disaster Response', 'Disaster Service Centers', 'Disaster Services', 'Disaster-Specific Home Repairs', 'Disaster Specific Rent Assistance', 'Droughts', 'Early Warning Alerts', 'Earthquakes', 'Emergency Communications', 'Emergency Dispatch', 'Emergency Management', 'Emergency Preparedness/Response Training', 'Emergency Radio', 'Evacuation Plans', 'Explosions', 'Extreme Heat', 'Floods', 'Flood Protection and Control', 'Forest Fires', 'Grass Fires', 'Hazardous Materials Emergencies', 'Homeland Security', 'Hurricanes', 'Landslide/Mudslides', 'Natural Disasters', 'Nuclear Emergencies', 'Post-Disaster Clean-Up', 'Post-Disaster Housing Assistance', 'Post-Disaster Housing Databanks/Referrals', 'Post-Disaster Rebuilding Assistance', 'Post-Disaster Volunteer Management', 'Radiological Emergencies', 'Snowstorms', 'Terrorism', 'Thunderstorms', 'Tidal Waves', 'Tornados', 'Tsunamis', 'Volcanic Eruptions', 'Wildfires', 'Wildland Fires', 'Winter Storms', 'Woodland Fires']"
128,5bb3ae2dda3c38c71367bd44,M2,"['Air Rescue', 'Lifeguards', 'Beach Rescue', 'Dive Rescue', 'K-9 Search and Rescue', 'Mountain Rescue', 'Rescue Squads', 'Sea Rescue', 'Search and Rescue', 'Search Dogs', 'Ski Patrol', 'Ski Rescue', 'Swift Water Rescue', 'Traffic Accident Rescue', 'Underwater Search/Rescue/Recovery', 'Urban Search and Rescue', 'Wilderness Rescue', 'Civil Air Patrol ']"
129,5bb3ae2dda3c38c71367bd45,M2,"['Fire Code Inspections', 'Fire Companies', 'Fire Departments', 'Fire Fighting', 'Fire Safety Inspections', 'Fire Suppression Systems', 'Fire Prevention', 'Firefighters', 'Wildfire Residential Fire Protection Systems']"
130,5bb3ae2eda3c38c71367bd46,N2,"['Art and Music Camps', 'Art Camps', 'Athletic Camps', 'Computer Camps', 'Dance Camps', 'Day Camps', 'Music Camps', 'Performning Arts Camps', 'Recreational Camps', 'Residential Camps', 'Special Interest Camps', 'Sports Camps', 'Summer Camps', 'Therapeutic Camps']"
131,5bb3ae2eda3c38c71367bd47,N3,"['Aquatic Centers', 'Arenas', 'Athletic Facilities', 'Equestrian Centers', 'Gymnasiums', 'Natatoriums', 'Physical Fitness Facilities', 'Recreation Centers', 'Recreational Centers', 'Recreation Councils', 'Skating Rinks', 'Stadiums', 'Swimming Pools']"
132,5bb3ae2eda3c38c71367bd48,N3,[]
133,5bb3ae2eda3c38c71367bd49,N3,"['Athletic Fields and Courts', 'Beaches', 'Bike Trails', 'Bridle Trails', 'Campgrounds', 'Hiking Trails', 'Jogging Trails', 'National Parks', 'Off-Road Vehicle Trails', 'Parks', 'Picnic Grounds', 'Playgrounds', 'Public Parks', 'Recreational Trails', 'Skate Parks', 'Ski Areas', 'Snowmobile Trails', 'State Parks']"
134,5bb3ae2eda3c38c71367bd4a,O2,"['Police Athletic Leagues', 'Teen Centers', 'Teen Clubs', 'Youth Centers', 'Youth Clubs']"
135,5bb3ae2eda3c38c71367bd4b,O2,[]
136,5bb3ae2eda3c38c71367bd4c,O2,[]
137,5bb3ae2eda3c38c71367bd4d,O3,"['Adult/Child Matching', 'Adult/Child Mentoring', 'Big Friends', 'Foster Grandparents', 'Intergenerational Programs']"
138,5bb3ae2eda3c38c71367bd4e,O3,"['Big Brothers', 'Big Sisters']"
139,5bb3ae2eda3c38c71367bd4f,O4,[]
140,5bb3ae2eda3c38c71367bd50,O4,"['Boy Scouts', 'Cub Scouts', 'Eagle Scouts', 'Explorers']"
141,5bb3ae2eda3c38c71367bd51,O4,"['Daisy Girl Scouts', 'Brownie Girl Scouts', 'Junior Girl Scouts', 'Cadette Girl Scouts', 'Girl Scouts', 'Senior Girl Scouts']"
142,5bb3ae2eda3c38c71367bd52,O4,"['Adventure', 'Camp Fire USA', 'Discovery', 'Horizon', 'Starflight']"
143,5bb3ae2eda3c38c71367bd53,O5,"['Afterschool Programs', 'After-School Programs', 'After School Programs', 'Character Development for Youth', 'Future Homemakers', 'Future Leaders of America', 'Hugh OBrian Youth Foundation']"
144,5bb3ae2eda3c38c71367bd54,O5,"['Key Clubs', 'Youth Service America']"
145,5bb3ae2eda3c38c71367bd55,O5,"['H Clubs', 'Agricultural Leadership Programs for Youth', 'Four-H Clubs', 'FFA', 'Future Farmers of America']"
146,5bb3ae2eda3c38c71367bd56,O5,"['Junior Achievement', 'Student Operated Business']"
147,5bb3ae2eda3c38c71367bd57,O5,"['Boys Nation', 'Boys State', 'Citizenship Programs for Youth', 'Girls Nation', 'Girls State', 'HI-Y Leadership Center', 'Kids Voting', 'Mock Elections', 'Model United Nations Assemblies', 'Presidential Classroom', 'United States Senate Youth Program', 'Youth Citizenship', 'Youth in Government', 'Youth Republic']"
148,5bb3ae2eda3c38c71367bd58,O5,"['Campus Crusade for Christ', 'Catholic Youth Organizations', 'Christian Youth Clubs', 'Faith-Based Youth', 'Liberal Religious Youth', 'Youth for Christ']"
149,5bb3ae2eda3c38c71367bd59,O9,[]
150,5bb3ae2fda3c38c71367bd5a,P2,"['Catholic Human Services', 'Catholic Social Services', 'Community Services', 'Jewish Human Services', 'Lutheran Aid Societies', 'Lutheran Social Services', 'Multipurpose Human Services', 'Protestant Human Services', 'Religious Welfare', 'Saint Vincent DePaul Society', 'United Service Organizations', 'United Services']"
151,5bb3ae2fda3c38c71367bd5b,P2,[]
152,5bb3ae2fda3c38c71367bd5c,P2,[]
153,5bb3ae2fda3c38c71367bd5d,P2,[]
154,5bb3ae2fda3c38c71367bd5e,P2,[]
155,5bb3ae2fda3c38c71367bd5f,P2,[]
156,5bb3ae2fda3c38c71367bd60,P2,"['Community Centers', 'Jewish Community Centers', 'Neighborhood Centers', 'Neighborhood Multipurpose Centers', 'Settlement Houses']"
157,5bb3ae2fda3c38c71367bd61,P2,[]
158,5bb3ae2fda3c38c71367bd62,P3,"['Adolescent Pregnancy Prevention', 'Adolescent Services', 'Child Development Support', 'Child Welfare', 'Childrens Aid Societies', 'Childrens Home Societies', 'Childrens Protective Services', 'Childrens Services', 'Childrens Social Services', 'Multipurpose Childrens Services', 'Runaway Hotlines', 'Runaway Services', 'Teen Pregnancy Prevention', 'Youth Services']"
159,5bb3ae2fda3c38c71367bd63,P3,"['Adoption Agencies', 'Adoptive Family Recruitment', 'Adoptive Parent/Child Search', 'Adoption Registry', 'Birth Child Location', 'Biological Parent Location', 'Birth Parent Location', 'Children', 'Court-Appointed Confidential Intermediaries', 'Natural Parent Location', 'International Adoption', 'Special Needs Adoption', 'Youth']"
160,5bb3ae2fda3c38c71367bd64,P3,"['Foster Care for Adults with Disabilities', 'Foster Care for Children with Disabilities', 'Foster Care for Dependent Children', 'Foster Home Care', 'Foster Home Placement', 'Foster Homes', 'Foster Parent/Family Recruitment', 'Therapeutic Foster Care']"
161,5bb3ae2fda3c38c71367bd65,P3,"['After School Care', 'Babysitting', 'Before School Care', 'Child Care Centers', 'Child Care Co-ops', 'Child Caregivers', 'Childrens Day Care', 'Corporate Day Care', 'Day Care, Children', 'Drop-In Child Care', 'Extended Day Care', 'Faith-Based Child Care ', 'Family Child Care Homes', 'Infant Care Centers', 'In-Home Child Care', 'Latchkey Child Care ', 'Nanny', 'Nighttime Child Care', 'Sick Child Care']"
162,5bb3ae2fda3c38c71367bd66,P4,"['Child Development Classes', 'Companionship Programs', 'Co-Parenting Workshops', 'Expectant/New Parent Assistance', 'Family Life Education', 'Family Preservation', 'Family Reunification', 'Family Strengthening', 'Family-Based Services', 'Mothers of Multiple Births', 'Parent Education', 'Parenting Education', 'Parenting Skills', 'Respite Care']"
163,5bb3ae2fda3c38c71367bd67,P4,"['Parents Without Partners', 'Single Parent Agencies', 'Single Parents']"
164,5bb3ae2fda3c38c71367bd68,P4,"['Battered Womens Hotlines', 'Battered Womens Shelters', 'Crisis Nurseries', 'Crisis Shelters', 'Domestic Violence Shelters', 'Family Crisis Shelters', 'Family Violence Shelters', 'Safe Houses']"
165,5bb3ae2fda3c38c71367bd69,P4,"['Errand Running', 'Grocery Delivering', 'Homemaker Assistance', 'Home Health Aide', 'Home Maintenance', 'Housekeeping Assistance', 'In-Home Assistance', 'In-Home Hairdressing', 'In-Home Meal Preparation', 'Personal Care', 'Secretarial Assistance', 'Yard Work\nSee also: Home Health Care\n']"
166,5bb3ae2fda3c38c71367bd6a,P4,"['Adolescent Parents', 'Adolescent Parents Pregnancy Counseling', 'Maternity Home Care', 'Maternity Homes for Unwed Mothers', 'Post Pregnancy Shelter Care', 'Teen Parents', 'Unwed Pregnant Womens Shelter']"
167,5bb3ae2fda3c38c71367bd6b,P4,"['Christian Counseling', 'Christian Support Services', 'Conciliation Counseling', 'Marital Counseling', 'Marital Counseling', 'Marriage Counseling', 'Marriage Encounter', 'Pastoral Counseling', 'Premarital Counseling', 'Religious Counseling', 'Spiritual Counseling']"
168,5bb3ae2fda3c38c71367bd6c,P4,"['Birthright', 'Crisis Pregnancies', 'Crisis Pregnancy Centers, Pregnancy Centers, Pregnancy Care Centers', 'Pregnancy Care Clinics.\r\n']"
169,5bb3ae2fda3c38c71367bd6d,P5,"['Assertiveness Training', 'Conflict Resolution Training', 'Consciousness-Raising Groups', 'Cultural Awareness/Competencies Training', 'Death and Dying Workshops', 'Disability Awareness', 'Emancipation Preparation', 'Individual Development', 'Information and Referrals', 'Interpersonal Communication Training', 'Life Skills Training', 'Marriage Enrichment', 'Meditation', 'Personal Enrichment', 'Personal Growth ', 'Relationship Workshops', 'Self-Esteem Workshops', 'Self-Help Groups', 'Sensitivity Training', 'Social Responsibility ', 'Social Skills Training', 'Stress Management', 'Team Building Activities', 'Yoga']"
170,5bb3ae30da3c38c71367bd6e,P5,"['Bankruptcy Assistance', 'Bill interpretation Assistance', 'Credit Counseling', 'Credit Denial Assistance', 'Credit Rating Assistance', 'Debt Consolidation', 'Debt Management', 'Debt Repayment Counseling', 'Debt Liquidation Counseling', 'Financial Counseling', 'Financial Record Keeping Assistance', 'Investment Counseling', 'Money Management', 'Mortgage Default Assistance', 'Personal Finances Administration', 'Personal Financial Management Counseling', 'Property Lien Assistance', 'Protective Payee Services', 'Repossession Assistance', 'Representative Payee Services', 'Tax Assistance', 'Taxpayer Assistance', 'Tax Payer Assistance']"
171,5bb3ae30da3c38c71367bd6f,P5,"['Bus Passes', 'Demand/Response Transportation', 'Disability-Related Transportation', 'Door-to-Door Transportation', 'Handicapped Transportation', 'Paratransit', 'Senior Rides', 'Special Needs Transportation', 'Student Transportation', 'Transportation Passes', 'Transportation Vouchers']"
172,5bb3ae30da3c38c71367bd70,P5,"['Christmas Assistance', 'Christmas Baskets', 'Christmas Clearing Bureaus', 'Christmas Food Baskets', 'Christmas Gifts', 'Christmas Toys', 'Christmas Trees', 'Easter Assistance', 'Easter Events', 'Easter Food Baskets', 'Holiday Assistance', 'Holiday Adoption ', 'Holiday Cash Grants', 'Holiday Donations', 'Mothers Day Assistance', 'Passover Assistance', 'Ramadan Assistance', 'Thanksgiving Food Baskets', 'Toys for Tots']"
173,5bb3ae30da3c38c71367bd71,P6,"['Child Care Vouchers', 'Clothing Distribution', 'Emergency Cash', 'Emergency Food Assistance', 'Emergency Living Expenses', 'Emergency Money', 'Household Goods Provision', 'Household Goods Vouchers', 'Moving Expense Assistance', 'Personal Loans', 'Return to Point of Origin Assistance', 'Short-Term Emergency Assistance', 'Short Term Emergency Assistance', 'Temporary Financial Aid']"
174,5bb3ae30da3c38c71367bd72,P6,"['Consulates/Foreign Government Representatives', 'Customs Assistance', 'Emergency Road Service', 'Foreign Currency Exchange', 'Foreign Visitor Assistance', 'International Travel Advisories', 'Tourist Information', 'Towing', 'Travelers Assistance', 'Stranded Motorist Assistance']"
175,5bb3ae30da3c38c71367bd73,P6,"['Court Appearance Advice', 'Court Appearance Guidance', 'Court Proceedings Information', 'Crime Victims', 'Filing Assistance for Crime-Related Expenses', 'Filing Assistance for Crime-Related Losses', 'Victims', 'Escort Services', 'Victims Protective Services']"
176,5bb3ae30da3c38c71367bd74,P7,"['Custodial, Residential Care Facilities', 'Housing', 'Respite Care']"
177,5bb3ae30da3c38c71367bd75,P7,"['Adult Day Care Centers', 'Adult Day Health Care', 'Adult Development Centers for Persons with Disabilities', 'Adult Family Day Care Homes', 'Developmentally Disabled Activity Centers', 'Developmentally Disabled Day Care', 'In-Home Adult Care', 'Non-residential Care', 'Senior Day Care', 'Special Day Care', 'Special Non-Residential Day Care']"
178,5bb3ae30da3c38c71367bd76,P7,"['Group Homes for Adults with Developmental Disabilities', 'Group Homes for Adults with Disabilities', 'Group Homes for Disabled Adults', 'Housing', 'Long-Term Group Homes', 'Long Term Group Homes', 'Residential Care for Individuals with Disabilities', 'Residential Care']"
179,5bb3ae30da3c38c71367bd77,P7,"['Facility-Based Hospice Care', 'Hospitals for the Dying', 'In-Home Hospice Care', 'Institutional Hospice Care', 'Palliative Care', 'Supportive Care for the Dying', 'Terminal Illness Care']"
180,5bb3ae30da3c38c71367bd78,P7,"['Assisted Living', 'Boarding Care Facilities', 'CCRCs', 'Continuing Care Retirement Communities', 'Group Homes for Seniors', 'Homes for Aging', 'Housing for the Elderly', 'Life Care Communities', 'Lifecare Communities', 'Personal Care Homes', 'Residential Care Facilities for the Elderly', 'Senior Board & Care', 'Senior Foster Care', 'Senior Residential Care Homes', 'Senior Residential Facilities']"
181,5bb3ae30da3c38c71367bd79,P8,"['Animal Aides', 'Assistive Technologies', 'Canine Assistants', 'Care Management', 'Case Management', 'Companion Animals', 'Guide Dog Training', 'Guide Dogs', 'Service Animals', 'Service Dogs', 'Womens Centers', 'Womens Services']"
182,5bb3ae30da3c38c71367bd7a,P8,"['Agency on Aging', 'Comprehensive Senior Services', 'Independence of the Elderly', 'Senior Citizen Centers']"
183,5bb3ae30da3c38c71367bd7b,P8,"['Activities of Daily Living', 'Daily Living Instruction', 'Day Programs for the Developmentally Disabled', 'Developmentally Disabled Activity Centers', 'Developmentally Disabled Behavior Management ', 'Developmentally Disabled Centers', 'Developmentally Disabled Services', 'Developmentally Disabled Social/Recreation ', 'Drop in Centers for the Developmentally Disabled', 'Independent Living Skills Instruction: Mentally Retarded Centers', 'Mentally Retarded Services', 'Retarded Citizens Associations', 'Retarded Citizens Centers', 'Retarded Citizens Services', 'Self Care']"
184,5bb3ae30da3c38c71367bd7c,P8,"['Citizenship Assistance Centers', 'Cultural Orientation', 'Cultural Transition Facilitation', 'Immigrant Centers', 'Immigrant Services', 'Immigrant Support', 'Interpreters', 'Language Interpretations', 'Language Translations', 'Refugee Resettlement']"
185,5bb3ae30da3c38c71367bd7d,P8,"['Homeless Day Centers', 'Homeless Drop-In Centers', 'Homeless Persons Centers', 'Homeless Persons Services', 'Missions', 'Shower Facilities/Public Restrooms', 'Telephone Facilities', 'Temporary Mailing Address']"
186,5bb3ae30da3c38c71367bd7e,P8,"['Audio Books ', 'Books on Tape ', 'Braille Transcription', 'Guide Dogs for the Blind', 'Recorded Books ', 'Recording for the Blind', 'Seeing Eye Dog ', 'Talking Books']"
187,5bb3ae30da3c38c71367bd7f,P8,"['American Sign Language Interpretation', 'AMESLAM Interpretation', 'Deaf Relay Services', 'Sign Language Interpretation', 'Telecommunication Relay Services', 'TTD Linkage']"
188,5bb3ae30da3c38c71367bd80,P8,[]
189,5bb3ae31da3c38c71367bd81,P9,[]
190,5bb3ae31da3c38c71367bd82,R2,"['Discrimination of Specific Groups', 'Equal Rights', 'Immigrant Rights', 'Legal Rights', 'Refugee Rights']"
191,5bb3ae31da3c38c71367bd83,R2,"['African American Rights', 'Asian American Rights', 'Congress of Racial Equality', 'CORE', 'Ethnic Groups Rights', 'Hispanic Rights', 'La Raza', 'Latino Rights', 'NAACP', 'Native American Rights', 'Racial Equality', 'SCLC', 'Southern Christian Leadership Conference']"
192,5bb3ae31da3c38c71367bd84,R2,"['Disability Rights', 'Handicapped Persons Rights', 'Handicapped Rights']"
193,5bb3ae31da3c38c71367bd85,R2,['Age Discrimination']
194,5bb3ae31da3c38c71367bd86,R2,"['Gay Rights', 'Homosexual Rights', 'Lesbian Rights']"
195,5bb3ae31da3c38c71367bd87,R2,"['CASA', 'Child Advocacy', 'Court Appointed Special Advocates']"
196,5bb3ae31da3c38c71367bd88,R3,"['Diversity Training', 'Intergroup Relations', 'Multicultural Understanding', 'Race Relations']"
197,5bb3ae31da3c38c71367bd89,R4,"['Election Regulation', 'League of Women Voters', 'Voter Education', 'Voter Participation', 'Voter Registration', 'Voter Turnout']"
198,5bb3ae31da3c38c71367bd8a,R6,"['Academic Freedom', 'Bill of Rights', 'Civil Liberties', 'Constitutional Rights', 'Criminal Rights', 'Cyber-Liberties', 'Death Penalty Advocacy', 'Death Penalty Issues', 'Due Process', 'Freedom of Association', 'Freedom of Information', 'Freedom of Religion', 'Gun Control Advocacy', 'Legal Rights', 'Library Censorship', 'Political Rights', 'Right of Assembly', 'Right to Bear Arms', 'Right to Privacy']"
199,5bb3ae31da3c38c71367bd8b,R6,"['Abortion Rights', 'Pro-Choice Advocacy', 'Right to Choose']"
200,5bb3ae31da3c38c71367bd8c,R6,"['Anti-Abortion', 'Fetal Rights', 'Pro-Life Advocacy']"
201,5bb3ae31da3c38c71367bd8d,R6,"['Anti-Censorship Advocacy', 'Censorship', 'Cyber-Liberties', 'Freedom of Speech', 'Free Speech', 'Freedom of the Press', 'Library Censorship']"
202,5bb3ae31da3c38c71367bd8e,R6,"['Assisted Suicide', 'Death with Dignity', 'Do Not Resuscitate Orders', 'Doctor Assisted Death', 'Doctor Assisted Suicide', 'Euthanasia', 'Hemlock Society', 'Living Wills', 'Mercy Killings', 'Physician Assisted Death', 'Physician Assisted Suicide', 'Rationale Suicide', 'Right to Die']"
203,5bb3ae31da3c38c71367bd8f,R9,[]
204,5bb3ae31da3c38c71367bd90,W3,"['Air Force', 'American Legion', 'Armed Forces of the United States', 'Army', 'Coast Guard', 'Marine Corps', 'Military Chaplains', 'National Guard', 'Navy', 'Veterans Affairs ', 'Veterans of Foreign Wars', 'VFW', 'War Veterans']"
205,5bb3ae31da3c38c71367bd91,W4,"['Air Traffic Control', 'Air Transportation', 'Airline Terminals', 'Airports', 'Bus Shelters', 'Buses, Cable Cars', 'Commuter Rail, Ferry Boats', 'Light-Rail Systems', 'Mass Transit', 'Pedestrian Shelters', 'Public Transportation', 'Public Transportation Systems', 'Rail Transportation', 'Railroads', 'Railways', 'Rapid Transit Systems', 'Roadways', 'Streetcars', 'Subways', 'Trains', 'Trolleys', 'Urban Mass Transit']"
206,5bb3ae31da3c38c71367bd92,W5,"['Communication Services', 'Electronic Messaging', 'Freenet Providers', 'Internet Service Providers', 'Rural Utilities', 'Telecommunications ', 'Telegraph', 'Telephone Systems', 'Wireless Communications Systems']"
207,5bb3ae31da3c38c71367bd93,W6,"['Banks', 'Check Cashing', 'Investment Management ', 'Investments & Securities ', 'Savings & Loan Associations', 'Thrift Institutions', 'Trust Companies']"
208,5bb3ae31da3c38c71367bd94,W6,[]
209,5bb3ae31da3c38c71367bd95,W8,"['Electric Generating Plants', 'Electrification', 'Energy Generating Resources', 'Energy Suppliers', 'Gas Services', 'Energy Suppliers', 'Light Companies', 'Natural Gas Services', 'Power Generating Plants', 'Propane Services', 'Public Utilities', 'Rural Water Companies', 'Sanitary Services', 'Utility Systems', 'Water & Sewer Services', 'Water Rights', 'Water Systems', 'Waterworks']"
210,5bb3ae32da3c38c71367bd96,W9,"['Consumer Complaints', 'Consumer Education', 'Consumer Fraud', 'Consumer Product Safety', 'Consumer Protection', 'Consumer Safety']"
211,5bb3ae32da3c38c71367bd97,X2,"['Armenian Apostolic Church', 'Christ Catholic Church', 'Church of Cyprus', 'Church of Greece', 'Church of Jesus Christ of Latter Day Saints', 'Church of the Latter Day Saints', 'Coptic Christian', 'Eastern Catholicism', 'Eastern Orthodox', 'Greek Orthodox', 'Holy Apostolic Catholic Assyrian Church of the East', 'Mormon Church', 'Oriental Orthodox Church', 'Orthodox Church', 'Prayer Breakfasts', 'Russian Orthodox', 'Syrian Orthodox Church of Antioch']"
212,5bb3ae32da3c38c71367bd98,X2,"['Advent Christian Church', 'African Methodist Episcopal Church', 'African Methodist Episcopal Zion Church', 'AME Church', 'Amish', 'Anabaptist', 'Anglican Church', 'Apostolic Arminian Church', 'Assemblies of Christ', 'Apostolic Assembly of the Faith in Christ Jesus', 'Apostolic Christian Church', 'Apostolic Faith Church', 'Apostolic Overcoming Holy Church of God (A.O.H.)', 'Assembly of God Church', 'Baptist Church', 'Berean Fundamental Church', 'Bible Church of Christ', 'Born Again Christians', 'Brethren Church', 'Brethren in Christ', 'Calvary Chapel', 'Christ Gospel Church', 'Christadelphian', 'Christian & Missionary Alliance', 'Christian Church', 'Christian Churches of God', 'Christian Reformed Church', 'Christian Science', 'Church of Christ', 'Church of Christ, Scientist', 'Church of God', 'Church of Our Lord Jesus Christ', 'Church of South India (CSI)', 'Church of the Brethren', 'Church of the Nazarene', 'Community of Christ', 'Congregational Church', 'Covenant Church', 'Disciples of Christ', 'Episcopal Church', 'Evangelical Bible Church', 'Evangelical Bible Churches', 'Evangelical Christian Church', 'Evangelical Formosan Church', 'Evangelical Free Church', 'Evangelicals', 'Evangelism', 'Foursquare Church', 'House of God Saints in Christ', 'International Church of the Foursquare Gospel', 'International Pentecostal Church of Christ', 'Jehovahs Witnesses', 'Lutheran Church', 'Mennonite Church', 'Methodist Church', 'Metropolitan Community Church', 'Missionary Church', 'Moravian Church', 'Netherlands Reformed Congregations', 'Pentecostal Church of God', 'Pentecostal Church', 'Pentecostal Holiness Church', 'Presbyterian Church', 'Protestant Reformed Church', 'Protestant', 'Quakers, Redeemed Christian Church of God', 'Reformed Church', 'Religious Society of Friends', 'Salvationists', 'Seventh-day Adventist Church', 'Shakers', 'Swedenborgian Church', 'United Church of Christ', 'United Holy Church', 'United Pentecostal Church', 'Unity', 'Victory Church', 'Vineyard Christian Fellowship', 'Vineyard Church', 'Wesleyan Church']"
213,5bb3ae32da3c38c71367bd99,X2,"['Catholic Church', 'Roman Catholic Church']"
214,5bb3ae32da3c38c71367bd9a,X3,"['Chabad', 'Eruv', 'Habonim-Dror', 'Hebrew School', 'Jewish Camps', 'Jewish Religion', 'Jewish Spiritual Retreats', 'Judaism', 'Labavitch', 'Mikvah', 'Noahide', 'Passover Seders', 'Pesach Seders', 'Sukout', 'Synagogues', 'Talmud', 'Torah']"
215,5bb3ae32da3c38c71367bd9b,X4,"['Hajj', 'Islam', 'Islamic Spiritual Retreats', 'Mohammedanism', 'Moslems', 'Mosques', 'Muslims', 'Islamic Temples', 'Koran', 'Pilgrimages - Islam', 'Quran']"
216,5bb3ae32da3c38c71367bd9c,X5,"['Buddha', 'Buddhism', 'Buddhist Spiritual Retreats', 'Pilgrimages - Buddhism', 'Buddhist', 'Buddhist Temples', 'Zen']"
217,5bb3ae32da3c38c71367bd9d,X7,"['Ashram', 'Hindu Spiritual Retreats', 'Hinduism', 'Pilgrimages - Hinduism', 'Vedic']"
218,5bb3ae32da3c38c71367bd9e,X9,"['Ecumenical', 'Interdenominational', 'Jewish-Christian Relations', 'National Conference of Christians and Jews']"
219,5bb3ae32da3c38c71367bd9f,L4,"['Cooling Centers', 'Cooling Site', 'Cooling Sites']"
220,5bb3ae32da3c38c71367bda0,E3,"['Dental Clinics', 'Dental Care', 'Mobile Dental Care', 'Oral Health']"
221,5bb4ce6dda3c38c9a74a1c6f,F3,[]
222,5bc787d9da3c38f0620b0240,B,[]
223,5bc787d9da3c38f0620b0241,C,[]
224,5bc787d9da3c38f0620b0242,D,[]
225,5bc787d9da3c38f0620b0243,E,[]
226,5bc787d9da3c38f0620b0244,F,[]
227,5bc787d9da3c38f0620b0245,G,[]
228,5bc787dada3c38f0620b0246,I,[]
229,5bc787dada3c38f0620b0247,J,[]
230,5bc787dada3c38f0620b0248,K,[]
231,5bc787dada3c38f0620b0249,L,[]
232,5bc787dada3c38f0620b024a,M,[]
233,5bc787dada3c38f0620b024b,N,[]
234,5bc787dada3c38f0620b024c,O,[]
235,5bc787dada3c38f0620b024d,P,[]
236,5bc787dada3c38f0620b024e,R,[]
237,5bc787dbda3c38f0620b024f,W,[]
238,5bc787dbda3c38f0620b0250,X,[]
239,5c929881a4f5428e5fce6afa,E4,"['Obstetrics', 'Gynecology', 'Gynaecology', 'Obstetrician', 'Gynecologist', 'Gynaecologist', 'OB/GYN', 'OB-GYN', 'OBGYN', 'Female reproductive', 'Pregnancy', 'Pregnant', 'Childbirth', 'Postpartum', 'Prenatal', 'Intranatal', 'Neonatal', 'Postnatal', 'Natal', 'Partum']"
