,keywords,code
0,Alternative Education,B20
1,Boarding Schools,B20
2,Child Development Education Issues,B20
3,Community-Based Schools,B20
4,Community Learning Centers,B20
5,Extended-Service Schools,B20
6,Full-Service Schools,B20
7,Home-Based Education,B20
8,Home Education,B20
9,Home Schooling,B20
10,Montessori Schools,B20
11,Nontraditional Schools,B20
12,Separately Organized Middle Schools,B20
13,Yeshivas,B20
14,Early Childhood Education,B21
15,Head Start,B21
16,Kindergartens,B21
17,Nursery Schools,B21
18,Preschool Education,B21
19,Preschools,B21
20,School Readiness Programs,B21
21,Elementary Schools,B24
22,Grades 1-4,B24
23,Grades 1-6,B24
24,Grades 1-8,B24
25,K-4,B24
26,K-6,B24
27,K-8,B24
28,Primary Schools,B24
29,College Preparatory Schools,B25
30,Grades 7-12,B25
31,Grades 8-12,B25
32,Grades 9-12,B25
33,Grades 10-12,B25
34,High Schools,B25
35,Junior High Schools,B25
36,Intermediate Schools,B25
37,Pre-Collegiate Education,B25
38,Secondary Schools,B25
39,Senior High Schools,B25
40,Bilingual Education,B28
41,Blind Children,B28
42,Children with Hearing Disabilities,B28
43,Children with Learning Disabilities,B28
44,Deaf Children,B28
45,Developmentally Disabled Children,B28
46,Gifted and Talented Schools,B28
47,Gifted Children,B28
48,Gifted Schools,B28
49,Mentally Retarded Children,B28
50,Special Education Institutions,B28
51,Special Schools,B28
52,TAG Schools,B28
53,Talented and Gifted Schools,B28
54,Visually Impaired Children,B28
55,Charter Schools,B29
56,Auto Mechanics,B30
57,Building Trades,B30
58,Cosmetology,B30
59,High School Vocational Education,B30
60,Industrial,B30
61,Manufacturing,B30
62,Post-Secondary Technical Schools,B30
63,Technical Schools,B30
64,Trade Schools,B30
65,Vocational Centers,B30
66,Vocational Schools,B30
67,Vocational/Technical Schools,B30
68,Vocational/Trade High Schools,B30
69,Institutions of Higher Learning,B40
70,Year Colleges,B41
71,Associates in Arts Certificates,B41
72,Community Colleges,B41
73,Junior Colleges,B41
74,Two-Year Colleges,B41
75,Year Colleges,B42
76,Baccalaureate Degrees,B42
77,Bachelor Degrees,B42
78,Bachelor of Arts Degrees,B42
79,Bachelor of Science Degrees,B42
80,Black Colleges,B42
81,Deaf Colleges,B42
82,Four-Year Colleges,B42
83,Liberal Arts Colleges,B42
84,Undergraduate Colleges,B42
85,Doctorates,B43
86,Graduate Schools,B43
87,Masters Degrees,B43
88,Technological Institutes,B43
89,Universities,B43
90,Accounting Schools,B50
91,Advertising Schools,B50
92,Agriculture Schools,B50
93,Architectural Schools,B50
94,Business Administration Schools,B50
95,Business Schools,B50
96,Chiropractic Teaching Facilities,B50
97,Dental Schools,B50
98,Divinity Schools,B50
99,Engineering Schools,B50
100,Fine Arts Schools,B50
101,Health Sciences Schools,B50
102,Hotel Administration Schools,B50
103,Information Science Schools,B50
104,Journalism Schools,B50
105,Law Schools,B50
106,Legal Education,B50
107,Library and Information Science Schools,B50
108,Library Schools,B50
109,Management Schools,B50
110,Marketing Schools,B50
111,Medical Schools,B50
112,Nursing Schools,B50
113,Professional Schools,B50
114,Public Administration Schools,B50
115,Public Health Administration Schools,B50
116,Public Health Schools,B50
117,Schools of Education,B50
118,Schools of Teaching,B50
119,Seminaries / Seminary Schools,B50
120,Social Work Schools,B50
121,Teacher Education,B50
122,Theological Schools,B50
123,Theology Schools,B50
124,Veterinary Medicine Schools,B50
125,Veterinary Schools,B50
126,Yeshiva,B50
127,Adult Basic Education,B60
128,Adult Education,B60
129,Adult High School Diplomas,B60
130,Adult Literacy Councils,B60
131,Adult Literacy Education,B60
132,Basic Writing Skills,B60
133,Basic Reading Skills,B60
134,Compensatory Learning,B60
135,Continuing Education,B60
136,Elderhostels,B60
137,English as a Second Language,B60
138,ESL Instruction,B60
139,Fundamental Education (Adults),B60
140,GED Instruction,B60
141,General Educational Development Instruction,B60
142,High School Equivalency,B60
143,Institutes for Learning in Retirement,B60
144,Lifelong Learning,B60
145,Lifetime Learning,B60
146,Academic Libraries,B70
147,Academic Research Libraries,B70
148,Archival Work,B70
149,Archives,B70
150,Archivists,B70
151,Book and Paper Conservation,B70
152,Book Collections,B70
153,College Libraries,B70
154,College Research Libraries,B70
155,Corporate Libraries,B70
156,Depository Libraries,B70
157,Electronic Libraries,B70
158,Information Centers,B70
159,Law Libraries,B70
160,Law School Libraries,B70
161,Legal Libraries,B70
162,Libraries,B70
163,Library Operation/Programs,B70
164,Media Centers,B70
165,Medical Association Libraries,B70
166,Medical Libraries,B70
167,Medical Society Libraries,B70
168,Military Base Libraries,B70
169,Municipal Libraries,B70
170,National Libraries,B70
171,Online Vendor Services,B70
172,Presidential Libraries,B70
173,Public Libraries,B70
174,Reference Services,B70
175,Religious Libraries,B70
176,Research Libraries,B70
177,School Libraries,B70
178,School Library Media Centers,B70
179,Special Libraries,B70
180,State Libraries,B70
181,University Libraries,B70
182,University Research Libraries,B70
183,Virtual Libraries,B70
184,Achievement Testing,B90
185,Advanced Placement Testing,B90
186,Afterschool Programs,B90
187,After-School Enrichment Programs,B90
188,After-School Programs,B90
189,After School Programs,B90
190,American College Test,B90
191,Aptitude Testing,B90
192,Business in Schools Programs,B90
193,Cooperative/Community Education,B90
194,College Credit by Examination,B90
195,College Entrance Examinations,B90
196,College Placement Testing,B90
197,College Preparatory Examinations,B90
198,Continuation High Schools,B90
199,Dental Admission Test,B90
200,Distance Education,B90
201,Distance Learning,B90
202,Drop Out Prevention,B90
203,Drop-Out Prevention/Retention Services,B90
204,Dropout Prevention,B90
205,Educational Testing,B90
206,Entrance Examinations,B90
207,Equivalency Tests,B90
208,Extra-School Settings,B90
209,Graduate Management Admission Testing,B90
210,Graduate Program Examinations,B90
211,Graduate Record Examinations,B90
212,Grammar Hotlines,B90
213,High School Competency Testing,B90
214,Homework Assistance,B90
215,Homework Help,B90
216,Homework Hotlines,B90
217,Intelligence Testing,B90
218,Law School Admission Testing,B90
219,Medical College Admission Testing,B90
220,Optometry Admission Testing,B90
221,Out-of-School Hours Programs,B90
222,Preliminary Scholastic Achievement Testing,B90
223,Private School Placement,B90
224,"Public, Private Partnerships for Education",B90
225,Return to Education Support,B90
226,Scholastic Aptitude Testing,B90
227,Scholastic Assessment Testing,B90
228,Special Education Assessment,B90
229,Student Retention,B90
230,Student Testing,B90
231,Study Skills Assistance,B90
232,Subject-Specific Tutoring,B90
233,Truancy Counseling,B90
234,Tutoring,B90
235,Century Community Learning Centers Initiative Programs,B90
236,Children Literacy,B92
237,Reading Encouragement,B92
238,Reading is Fundamental,B92
239,Remedial Reading,B92
240,Remedial Spelling,B92
241,RIF,B92
242,Congress of Parents & Teachers,B94
243,Congress of Parents and Teachers,B94
244,Parent Teacher and Students,B94
245,Parent Teacher Associations,B94
246,Parent Teacher Organizations,B94
247,PTA,B94
248,PTO,B94
249,PTSA,B94
250,PTSO,B94
251,Faculty Groups,B99
252,Acid Rain,C20
253,Air Pollution,C20
254,Asbestos Removal,C20
255,Asbestos Testing,C20
256,Atmospheric Contamination,C20
257,Carbon Monoxide Testing,C20
258,Clean Air,C20
259,Climatic Change,C20
260,Drinking Water Testing,C20
261,Environmental Hazards Cleanup,C20
262,Environmental Hazards Control,C20
263,Environmental Pollution,C20
264,Environmental Sanitation,C20
265,Global Warming,C20
266,Greenhouse Effect,C20
267,Greenhouse Gases,C20
268,Hazardous Materials Cleanup,C20
269,Hazardous Materials Control,C20
270,Hazardous Materials Monitoring,C20
271,Hazardous Materials Transportation,C20
272,Hazardous Wastes,C20
273,Household Hazardous Wastes,C20
274,Indoor Air Pollution,C20
275,Industrial Hazardous Wastes,C20
276,Landfills,C20
277,Lead Paint,C20
278,Lead Testing,C20
279,"Medical Waste Disposal, Noise Pollution",C20
280,Nuclear Wastes,C20
281,Oil Spill Cleanup,C20
282,Pesticides,C20
283,Pollution Abatement,C20
284,Pollution Control,C20
285,Poor Air Quality,C20
286,Radiation Control,C20
287,Radiation Testing,C20
288,Radon Testing,C20
289,Rising Sea Levels,C20
290,Sanitation,C20
291,Sewage,C20
292,Sludge Sites,C20
293,Smog,C20
294,Soil Contaminant Testing,C20
295,Soil Testing,C20
296,Solid Waste Management,C20
297,Tap Water Testing,C20
298,Toxic Substances,C20
299,Toxic Wastes,C20
300,Waste Disposal,C20
301,Waste Management,C20
302,Waste Spills,C20
303,Waste Transport,C20
304,Water Pollution,C20
305,Water Pollution Control,C20
306,Bush Survival,C60
307,Ecotourism,C60
308,Environmental Education,C60
309,Environmental Interpretive Centers,C60
310,Nature Centers,C60
311,Nature Walks,C60
312,Orienteering,C60
313,Outdoor Education,C60
314,Outdoor Survival,C60
315,Outdoor Survival Skills,C60
316,Outward Bound,C60
317,Wilderness Survival Skills,C60
318,Adopt-A-Burro,D20
319,Adopt-A-Greyhound,D20
320,Adopt-A-Horse,D20
321,Adopt-A-Race Horse,D20
322,Alligator Control,D20
323,Animal Adoption,D20
324,Animal Control,D20
325,Animal Lost & Found,D20
326,Animal Population Control,D20
327,Animal Protection ,D20
328,Animal Rescue,D20
329,Animal Shelters,D20
330,Animal Welfare,D20
331,ASPCA,D20
332,Coyote Control,D20
333,Cruelty to Animals,D20
334,Deer Control,D20
335,Domestic Animal Protection,D20
336,Domestic Animal Welfare,D20
337,Equine Rescue,D20
338,Farm Animal Protection,D20
339,Farm Animal Welfare,D20
340,Farm Animals Sanctuaries,D20
341,Foster Care for Animals,D20
342,Found Pets,D20
343,Greyhound Adoption,D20
344,Greyhound Rescue,D20
345,Homeless Animals,D20
346,Horse Sanctuaries,D20
347,Humane Societies,D20
348,Lost Animals,D20
349,Lost Pets,D20
350,Missing Pets,D20
351,Pet Adoption,D20
352,Pet Cemeteries,D20
353,Pet Reunification,D20
354,Predator Control,D20
355,Prevention of Cruelty to Animals,D20
356,Rabbit Rescue,D20
357,Snake Control,D20
358,Spaying & Neutering,D20
359,SPCA,D20
360,Stray Animal Assistance,D20
361,Unwanted Animals,D20
362,Unwanted Pets,D20
363,Community-Based Health Services,E21
364,Health Care Systems,E21
365,Hospital Management Corporations,E21
366,Multihospital Health Care Systems,E21
367,Multihospital Systems,E21
368,Acute Care Critical Access Hospitals,E22
369,Acute Care Hospitals,E22
370,Acute Care Medical Faciltities,E22
371,Acute Care Medical Centers,E22
372,Cardiac Intensive Care,E22
373,Coronary Intensive Care,E22
374,Emergency Rooms,E22
375,Emergicenters,E22
376,General Acute Care Hospitals,E22
377,General Hospitals,E22
378,General Intensive Care,E22
379,High Risk Infant Unit Care,E22
380,Hospital Emergency Care,E22
381,Hospital-Based Emergency Care,E22
382,ICUs,E22
383,Inpatient Hospital Care,E22
384,Intensive Care,E22
385,Medical Centers,E22
386,Military Hospitals,E22
387,Neonatal Intensive Care,E22
388,Neurological Intensive Care,E22
389,Osteopathic hospitals,E22
390,Pediatric Intensive Care,E22
391,Premature Nurseries,E22
392,Respiratory Intensive Care,E22
393,State Hospitals,E22
394,Subacute Care Hospitals,E22
395,Surgical Intensive Care,E22
396,Trauma Centers,E22
397,Veterans Hospitals ,E22
398,Cancer Hospitals,E24
399,Childrens Hospitals,E24
400,Extended Care Hospitals,E24
401,Eye Hospitals,E24
402,Maternity Hospitals,E24
403,Orthopedic Hospitals,E24
404,Rehabilitation Hospitals,E24
405,Shriners Hospitals,E24
406,Specialty Hospitals,E24
407,Womens Hospitals,E24
408,Acupuncture,E30
409,Alternative Health Clinics,E30
410,Ambulatory Surgical Centers,E30
411,Ambulatory Surgery,E30
412,Biofeedback,E30
413,Burn Centers,E30
414,Burn Institutes,E30
415,Chiropractic,E30
416,Day Surgery,E30
417,Dental Clinics,E30
418,Dental Care,E30
419,Diagnostic Facilities,E30
420,Diagnostic Imaging,E30
421,Dialysis Centers,E30
422,Eye Screening Clinics,E30
423,Foot Clinics,E30
424,Herbal Medicine,E30
425,Homeopathic Medicine,E30
426,Hospital-Based Outpatient Care,E30
427,Infant Care Clinics,E30
428,Infant Centers,E30
429,Medical Testing Laboratories,E30
430,Mobile Dental Care,E30
431,Naturopathic Medicine,E30
432,Neonatal Care Clinics,E30
433,Neonatal Centers,E30
434,Optometry Clinics,E30
435,Outpatient Care,E30
436,Outpatient Surgery,E30
437,Pain Management,E30
438,Podiatry,E30
439,Rural Health Care,E30
440,Rural Medical Service,E30
441,Traditional Healing Arts,E30
442,Well Baby Care,E30
443,Well Baby Clinics,E30
444,Well-Baby Care,E30
445,Well-Baby Clinics,E30
446,Group Health Practices,E31
447,Health Maintenance Organizations,E31
448,HMOs,E31
449,Managed Care,E31
450,Managed Health Care,E31
451,Primary Health Care Providers,E31
452,Ambulatory Health Centers,E32
453,Clinics,E32
454,Community Clinics,E32
455,Community Health Centers,E32
456,Community Health Clinics,E32
457,Free Clinics,E32
458,Health Centers,E32
459,Health Clinics,E32
460,Mobile Health Care,E32
461,Walk-in Clinics,E32
462,Abortion Clinics,E40
463,Alternative Birthing Services,E40
464,Birth Education,E40
465,Birth Orientation,E40
466,Birthing Centers,E40
467,Childbirth Preparation Centers,E40
468,Delivery/Childbirth Services,E40
469,Early Pregnancy Classes,E40
470,Fertility Treatment Centers,E40
471,Genetic Counseling,E40
472,Human Sexuality Counseling,E40
473,Human Sexuality Education,E40
474,Infertility Treatment,E40
475,Lamaze,E40
476,Maternal and Infant Care,E40
477,Maternity Care,E40
478,Midwifery,E40
479,Natural Childbirth Education,E40
480,Neonatal Care,E40
481,Newborn Infant Care,E40
482,Obstetrics and Gynecology Clinics,E40
483,Post Abortion Care,E40
484,Postpartum Care,E40
485,Pregnancy Termination Clinics,E40
486,Prenatal Care Centers,E40
487,Prenatal Counseling,E40
488,Pro-Choice Counseling,E40
489,Pro-Life Counseling,E40
490,Right to Life Counseling,E40
491,Safe Sex,E40
492,Sex Education,E40
493,Voluntary Sterilization Centers,E40
494,Sterilization,E40
495,Womens Health Centers,E40
496,Birth Control,E42
497,Birth Spacing,E42
498,Contraception,E42
499,Contraceptives,E42
500,Family Planning,E42
501,Natural Family Planning,E42
502,Planned Parenthood,E42
503,Pregnancy Prevention,E42
504,Art Therapy,E50
505,Audiological evaluations,E50
506,Auditory Training,E50
507,Corrective Therapy,E50
508,Cued Speech Instruction,E50
509,Easter Seal Societies,E50
510,Equestrian Therapy,E50
511,Equine-facilitated Therapy,E50
512,Equine Therapy,E50
513,Dance Therapy,E50
514,Easter Seal Society,E50
515,Finger Spelling Instruction,E50
516,Hippo Therapy,E50
517,Horse Therapy,E50
518,Hydrotherapy,E50
519,Kinesiology,E50
520,Language Therapy,E50
521,Music Therapy,E50
522,Occupational Therapy,E50
523,Oral Communication Instruction,E50
524,Pediatric Occupational Therapy,E50
525,Physical Therapy,E50
526,Sign Language Instruction,E50
527,Speech and Hearing Centers,E50
528,Speech and Language Evaluations,E50
529,Speech Therapy,E50
530,Therapeutic Horseback Riding,E50
531,Therapeutic Horsemanship,E50
532,Therapeutic Riding,E50
533,Total Communication Instruction,E50
534,Water Therapy,E50
535,Cooperative Hospital Services,E60
536,Pharmaceutical Services,E60
537,Pharmacies,E60
538,Pharmacology,E60
539,"Shock, Trauma Programs",E60
540,Blood Banks,E61
541,Blood Donations,E61
542,Blood Donor Stations,E61
543,Blood Drives,E61
544,Blood Supply,E61
545,Plasma Supply,E61
546,Whole Blood Substitute,E61
547,Advanced Life Support,E62
548,Ambulance,E62
549,Ambulance Transport,E62
550,"Basic Life Support,",E62
551,Emergency Medical Air Transport,E62
552,Emergency Medical Care,E62
553,Emergency Medical Services,E62
554,Emergency Medical Technicians,E62
555,Emergency Medical Transport,E62
556,Emergency Medical Vehicle,E62
557,EMS,E62
558,EMT,E62
559,First Aid Squads,E62
560,First Responders,E62
561,Life Squad,E62
562,Lifelines,E62
563,Mercy Flights,E62
564,Rescue Squads,E62
565,Trauma Care,E62
566,Trauma Systems,E62
567,Anatomical Gifts,E65
568,Body Donations,E65
569,Bone Banks,E65
570,Bone Marrow Donations,E65
571,Ear Banks,E65
572,Eye Banks,E65
573,Organ Banks,E65
574,Organ Donations,E65
575,Tissue Banks,E65
576,Tissue Donations,E65
577,Biohazards Research,E70
578,Biostatistics,E70
579,Centers for Disease Control,E70
580,Childhood Immunizations,E70
581,Communicable Diseases Control and Prevention,E70
582,Community Health Promotion,E70
583,Community Wellness,E70
584,Disease Outbreaks,E70
585,Diseases Control and Prevention,E70
586,Employee Health,E70
587,Environmental Health Hazards,E70
588,Environmental Health,E70
589,Environmental Medicine,E70
590,Environmental Toxicology,E70
591,Epidemiology,E70
592,Ergonomics,E70
593,Flu Shots,E70
594,Foreign Travel Shots,E70
595,Health Biostatistics,E70
596,Health Fairs,E70
597,Health Maintenance,E70
598,Health Promotion,E70
599,Health Screening,E70
600,Immunizations,E70
601,Industrial Hygiene,E70
602,Industrial Medicine,E70
603,Industrial Safety,E70
604,Inoculations,E70
605,International Health,E70
606,International Public Health,E70
607,Mass Health Screening,E70
608,Medical Biostatistics,E70
609,National Health,E70
610,National Institutes of Health,E70
611,Occupation Health Promotion,E70
612,Occupational Health and Safety,E70
613,Occupational Safety,E70
614,Preventive Health,E70
615,Public Health Medicine,E70
616,"Sexually Transmitted  Disease Control, Prevention",E70
617,Surgeon General,E70
618,Vaccinations,E70
619,"Venereal Disease Control, Prevention",E70
620,Virology,E70
621,Wellness,E70
622,Worker Health,E70
623,Workplace Health Promotion,E70
624,Workplace Safety,E70
625,Workplace Wellness,E70
626,Worksite Wellness,E70
627,World Health,E70
628,Advance Care Planning,E80
629,Advance Directives Planning,E80
630,Advance Health Care Planning,E80
631,Advance Medical Planning,E80
632,Black Lung Benefits Trust,E80
633,End of life Care Planning,E80
634,End of life Planning,E80
635,End-of-life Care Planning,E80
636,End-of-life Planning,E80
637,AIDS Drug Assistance,E80
638,Black Lung Benefit Trusts,E80
639,Health Care Cost Containment,E80
640,Bioethics,E80
641,Health Care Costs,E80
642,Health Care Economics,E80
643,Health Care Fees & Charges,E80
644,Health Care Financing,E80
645,Health Insurance,E80
646,Health Insurance Counseling,E80
647,Health Insurance Premium Assistance,E80
648,HMO Financing,E80
649,Hospital Bill Assistance,E80
650,Medical Bioethics,E80
651,Medical Care Costs,E80
652,Medical Ethics,E80
653,Medical Expense Assistance,E80
654,Medical Sociology,E80
655,Medicare Counseling,E80
656,Medigap Insurance Counseling,E80
657,Medication Expense Assistance,E80
658,Patient Care Planning,E80
659,Patient Services,E80
660,Prepaid Health Care,E80
661,Prescription Drug Costs,E80
662,Prescription Expense Assistance,E80
663,Ryan White Consortium,E80
664,State-Sponsored High-Risk Health Coverage,E80
665,Treatment Costs,E80
666,Terminal Care Planning,E80
667,Caregiver Support,E86
668,Caregiver Training,E86
669,Cancer Lodges,E86
670,Health Care Counseling,E86
671,Health Resocialization,E86
672,Hostels,E86
673,Hospital Lodges,E86
674,Hospitality Houses,E86
675,Make-a-Wish,E86
676,Medical Apartments,E86
677,Medical Treatment Lodges,E86
678,Patient Entertainment,E86
679,Patient Housing,E86
680,Patient/ Family Housing,E86
681,Patient/Family Enrichment,E86
682,Patient Recreation,E86
683,Patient Services Counseling,E86
684,Ronald McDonald Houses,E86
685,Wish Foundations,E86
686,Adult Family Care Homes,E91
687,Alzheimers Homes,E91
688,Chronic Care Homes,E91
689,Convalescent Facilities,E91
690,Convalescent Hospitals,E91
691,Extended Care Facilities,E91
692,Geriatric Centers,E91
693,Homes for Aging,E91
694,Intermediate Care Facilities,E91
695,Long Term Care Facilities,E91
696,Long Term Custodial Care,E91
697,Long-Term Care Facilities,E91
698,Long-Term Custodial Care,E91
699,Nursing Care,E91
700,Nursing Home Facilities,E91
701,Nursing Homes,E91
702,Rest Homes,E91
703,Skilled Nursing Facilities,E91
704,Geriatric Home Nursing,E92
705,Home Infusion Therapy,E92
706,Home Care Services,E92
707,Home Infusion Therapy,E92
708,Home Nursing Care,E92
709,Medical/Surgical Home Nursing,E92
710,Oncology Home Nursing,E92
711,Pediatric Home Nursing,E92
712,Private Duty Nursing,E92
713,Psychiatric Home Nursing,E92
714,Registered Home Nursing,E92
715,Rehabilitation Home Nursing,E92
716,Restorative Home Nursing,E92
717,Visiting Doctors,E92
718,Visiting Nurses,E92
719,Visiting Physicians,E92
720,Addiction,F20
721,Alcohol Abuse,F20
722,Alcoholism,F20
723,Chemical Dependency,F20
724,Drug Abuse,F20
725,Drug Addiction,F20
726,Substance Abuse,F20
727,Substance Dependence,F20
728,Addiction,F21
729,Alcohol Abuse Awareness,F21
730,Alcohol Abuse Education,F21
731,Alcohol Abuse Prevention,F21
732,Alcoholism,F21
733,Chemical Dependency,F21
734,D.A.R.E.,F21
735,DARE,F21
736,Drug Abuse Awareness,F21
737,Drug Abuse Education,F21
738,Drug Abuse Prevention,F21
739,Drug Abuse Resistance Education,F21
740,Drug Addiction,F21
741,Substance Abuse Awareness,F21
742,Substance Abuse Education,F21
743,Substance Abuse Prevention,F21
744,Substance Dependence,F21
745,AA,F22
746,Addiction,F22
747,Alanon,F22
748,Alateen,F22
749,Alcohol Abuse Counseling,F22
750,Alcohol Abuse Day Treatment,F22
751,Alcohol Abuse Half-Way Houses,F22
752,Alcohol Abuse Hotlines,F22
753,Alcohol Detoxification,F22
754,Alcoholics Anonymous,F22
755,Alcoholism Drop-In Services,F22
756,Alcoholism Recovery Group Homes,F22
757,Alcoholism Recovery Hospitals,F22
758,Alcoholism Rehabilitation,F22
759,Alcohol-Related Crisis Intervention,F22
760,Assessment for Substance Abuse,F22
761,Central Intake/Assessment for Alcohol Abuse,F22
762,Central Intake/Assessment for Drug Abuse,F22
763,Central Intake/Assessment for Substance Abuse,F22
764,Chemical Dependency Recovery Hospitals,F22
765,Cocaine Anonymous,F22
766,Drug Abuse Counseling,F22
767,Drug Abuse Day Treatment,F22
768,Drug Abuse Drop-In Services,F22
769,Drug Abuse Half-Way Houses,F22
770,Drug Abuse Hotlines,F22
771,Drug Abuse Maintenance Treatment,F22
772,Drug Abuse Recovery Group Homes,F22
773,Drug Abuse Rehabilitation,F22
774,Drug Addiction,F22
775,Drug Dependency Recovery Hospitals,F22
776,Drug Detoxification,F22
777,Drug-Related Crisis Intervention,F22
778,Emergency Alcoholism Services,F22
779,Emergency Drug Abuse Services,F22
780,Heroin Detoxification,F22
781,Inpatient Alcoholism Treatment,F22
782,Inpatient Drug Abuse Treatment,F22
783,Inpatient Substance Abuse Hospitals,F22
784,Methadone Detoxification,F22
785,Naranon,F22
786,Narcotics Anonymous,F22
787,Outpatient Alcohol Abuse Treatment,F22
788,Outpatient Drug Abuse Treatment,F22
789,Outpatient Substance Abuse Treatment,F22
790,Relapse Prevention/Transitional Substance Abuse,F22
791,Residential Alcoholism Treatment,F22
792,Residential Dug Abuse Treatment,F22
793,Residential Substance Abuse Treatment,F22
794,Sober Living Centers,F22
795,Sobering Up Stations,F22
796,Substance Abuse Counseling,F22
797,Substance Abuse Crisis Intervention,F22
798,Substance Abuse Day Treatment,F22
799,Substance Abuse Drop-In Services,F22
800,Substance Abuse Half-Way Houses,F22
801,Substance Abuse Hospitals,F22
802,Substance Abuse Hotlines,F22
803,Substance Abuse Maintenance Treatment,F22
804,Substance Abuse Recovery Group Homes,F22
805,Substance Abuse Rehabilitation,F22
806,Substance Dependence,F22
807,Supportive Recovery Homes,F22
808,Transitional Housing for Alcohol Abuse,F22
809,Transitional Housing for Drug Abuse,F22
810,Transitional Housing for Substance Abuse,F22
811,Transitional Residential Alcohol Abuse Services,F22
812,Transitional Residential Drug Abuse Services,F22
813,Transitional Residential Substance Abuse Services,F22
814,Twelve-Step Substance Abuse Mutual Support Groups,F22
815,Animal-Assisted Therapy,F30
816,Clinical Evaluation,F30
817,Early Intervention,F30
818,Forensic Psychiatric Evaluations,F30
819,Hug-A-Pet Programs,F30
820,Mental Health Related,F30
821,Mental  Health Twelve Step,F30
822,Mental Health Drop-in Centers,F30
823,Mental Health Evaluation,F30
824,Outpatient Mental Health Facilities,F30
825,Pet-Assisted Therapy,F30
826,Pet Therapy,F30
827,Psychiatric Day Treatment Facilities,F30
828,Psychological Testing,F30
829,Psychosocial Evaluation,F30
830,Hospitals for the Mentally Ill,F31
831,Inpatient Mental Health Facilities,F31
832,Inpatient Mental Health Treatment,F31
833,Psychiatric Hospitals,F31
834,State Mental Hospitals,F31
835,Community Mental Health Clinics,F32
836,Neighborhood Mental Health Centers,F32
837,Boys Ranches,F33
838,"Group Homes, Housing",F33
839,Mental Health Related,F33
840,Transitional Residential Mental Health Care,F33
841,"Residential Treatment Facilities, Mental Health Related",F33
842,Crisis Intervention Groups,F40
843,Telephone Crisis Hotlines,F40
844,Helplines,F40
845,Hotlines,F40
846,Mental Health Hotlines,F40
847,Suicide Prevention,F40
848,Rape Crisis Counseling,F42
849,Rape Victim Hotlines,F42
850,Sexual Assault Services,F42
851,Addictive Behavior,F50
852,Compulsive Behavior,F50
853,Computer Addiction,F50
854,Pathological Cravings,F50
855,Shopaholic,F50
856,Workaholic,F50
857,Anti-Smoking Campaigns,F52
858,Nicotine Addiction,F52
859,Nicotine Dependency,F52
860,Smoking Cessation,F52
861,Smoking Education,F52
862,Smoking Prevention,F52
863,Smoking Withdrawal Clinics,F52
864,Stop Smoking,F52
865,Tobacco Addiction,F52
866,Tobacco Habit,F52
867,Anorexia,F53
868,Binge Eating,F53
869,Boulimia,F53
870,Bulimarexia,F53
871,Bulimia,F53
872,Dysorexia,F53
873,Eating Addictions,F53
874,Eating Disorders,F53
875,Hyperphagia,F53
876,Obesity,F53
877,Overeating,F53
878,Pica,F53
879,Rumination Disorder,F53
880,Compulsive Gambling,F54
881,Gamblers Anonymous,F54
882,Pathological Gambling,F54
883,Adolescent Counseling,F60
884,Adult Incest Survivor Counseling,F60
885,Anger Management,F60
886,Bereavement Counseling,F60
887,Child Abuse Counseling,F60
888,CISD,F60
889,Critical Incident Stress Debriefing,F60
890,Cult Membership Counseling,F60
891,Cultural Transition Counseling,F60
892,Disability Counseling,F60
893,Elder Abuse Counseling,F60
894,Employee Assistance,F60
895,Employment Transition Counseling,F60
896,Family Violence Counseling,F60
897,Geriatric Counseling,F60
898,Gestalt Therapy,F60
899,Grief Counseling,F60
900,Health Problems Counseling,F60
901,Parent Abuse Counseling,F60
902,Peer Counseling,F60
903,Psychiatric Disorder Counseling,F60
904,Sexual Offender Counseling,F60
905,Sexual Orientation Counseling,F60
906,Sexuality Counseling,F60
907,Spousal Abuse Counseling,F60
908,Spouse Abuse Counseling,F60
909,Terminal Illness Counseling,F60
910,Veteran Counseling,F60
911,Youth Counseling,F60
912,Acute Stress Disorder,F70
913,ADD,F70
914,ADHD,F70
915,Adjustment Disorders,F70
916,Affective Disorders,F70
917,Agoraphobia,F70
918,Amnesia Antisocial Personality Disorder,F70
919,Anxiety Disorders,F70
920,Attention Deficit & Disruptive Behavior Disorders,F70
921,Attention Deficit Disorders,F70
922,Attention-Deficiency/Hyperactivity Disorder,F70
923,Avoidant Personality Disorder,F70
924,Bipolar Disorder,F70
925,Body Dymorphic Disorder,F70
926,Borderline Personality Disorder,F70
927,Breathing-Related Sleep Disorder,F70
928,Briquet Syndrome,F70
929,Capgras Syndrome,F70
930,Catatonic Schizophrenia,F70
931,Child Mental Disorders,F70
932,Childhood Mental Health Disorders,F70
933,Circadian Rhythm Sleep Disorder,F70
934,Clereambault Syndrome,F70
935,Cognitive Disorders,F70
936,Conduct Disorders,F70
937,Conversion Disorder,F70
938,Cyclothymic Disorder,F70
939,Delirium,F70
940,Delusional Disorder,F70
941,Dementia,F70
942,Dependent Personality Disorder,F70
943,Depersonalization Disorder,F70
944,Depression,F70
945,Disorganized Schizophrenia,F70
946,Disruptive Behavior Disorders,F70
947,Dissociative Amnesia,F70
948,Dissociative Disorders,F70
949,Dissociative Identity Disorder,F70
950,Dysthymic Disorder,F70
951,Encopresis,F70
952,Enuresis,F70
953,Exhibitionism,F70
954,Factitious Disorders,F70
955,False Memory Syndrome,F70
956,Fetishism,F70
957,Frotteurism,F70
958,Fugue,F70
959,GAD: Ganser Syndrome,F70
960,Gender Dysphoria,F70
961,Gender Identity Disorder,F70
962,Generalized Anxiety Disorders,F70
963,Histrionic Personality Disorder,F70
964,Hypersomnia,F70
965,Hypochondria,F70
966,Hypocondriasis,F70
967,Hysteria,F70
968,Insomnia,F70
969,Intermittent Explosive Disorder,F70
970,Kleptomania,F70
971,Kluver-Bucy Syndrome,F70
972,Manic Depression,F70
973,Masochism,F70
974,Mental Disorders,F70
975,Mental Illness,F70
976,Mood Disorders,F70
977,Multiple Personality Disorder,F70
978,Munchausen Syndrome,F70
979,Mutism,F70
980,Narcissistic Personality Disorder,F70
981,Nightmare Disorder,F70
982,Obsessive-Compulsive Disorders,F70
983,Obsessive-Compulsive Personality Disorder,F70
984,OCD,F70
985,ODD,F70
986,Oppositional Defiant Disorder,F70
987,Organic Mental Disorders,F70
988,Pain Disorders,F70
989,Panic Attacks,F70
990,Panic Disorder,F70
991,Paranoid Personality Disorder,F70
992,Paranoid Schizophrenia,F70
993,Paraphilias,F70
994,Parasomnias,F70
995,Passive-Aggressive Personality Disorder,F70
996,Pedophilia,F70
997,Personality Disorders,F70
998,Postpartum Depression,F70
999,Posttraumatic Stress Syndrome,F70
1000,Pseudodementia,F70
1001,Pseudopsychosis,F70
1002,Psychiatric Illness,F70
1003,Psychological Sexual Dysfunctions,F70
1004,Psychotic Disorders,F70
1005,Psychotic Disorders,F70
1006,Pyromania,F70
1007,Sadism,F70
1008,Schizoid Personality Disorder,F70
1009,Schizophrenia,F70
1010,Schizotypal Personality Disorder,F70
1011,Seasonal Affective Disorder,F70
1012,Separation Anxiety,F70
1013,Sexual & Gender Identity Disorders,F70
1014,Sexual Arousal Disorders,F70
1015,Sexual Desires Disorders,F70
1016,Sexual Masochism,F70
1017,Sexual Sadism,F70
1018,Shared Paranoid Schizophrenia,F70
1019,Sleep Disorders,F70
1020,Sleep Terror Disorder,F70
1021,Sleepwalking Disorders,F70
1022,Social Phobia,F70
1023,Somatoform Disorders,F70
1024,Stereotypic Movement Disorder,F70
1025,Stress Related Disorders,F70
1026,Tic Disorders,F70
1027,Tourette Syndrome,F70
1028,Transvestic Fetishism,F70
1029,Traumatic Psychoses,F70
1030,Trichotillomania,F70
1031,Vaginismus,F70
1032,Voyeurism,F70
1033,Multipurpose Mental Health Associations,F80
1034,Achronplasia,G20
1035,Alagille Syndrome,G20
1036,Albinism,G20
1037,Amaurotic Familial Idiocy,G20
1038,Bardet-Biedl Syndrome,G20
1039,Birth Defects,G20
1040,Cerebral Palsy,G20
1041,Charcot-Marie Disease,G20
1042,Charcot-Marie-Tooth Disease,G20
1043,Chromosome Disorders,G20
1044,Clubfoot,G20
1045,Coffin-Lowrey Syndrome,G20
1046,Congenital Defects,G20
1047,Cri-du-Chat Syndrome,G20
1048,Crying Cat Syndrome,G20
1049,Cryptorchidism,G20
1050,Cystic Fibrosis,G20
1051,Cytochrome-c Oxidase Deficiency,G20
1052,Dandy-Walker Syndrome,G20
1053,De Lange Syndrome,G20
1054,Developmental Coordination Disorder,G20
1055,Factor X Deficiency,G20
1056,Fetal Alcohol Syndrome,G20
1057,Fragile X Syndrome,G20
1058,Friedreich Ataxia,G20
1059,Genetic Diseases,G20
1060,Hemophilia,G20
1061,Hereditary Diseases,G20
1062,Huntingtons Disease,G20
1063,Jervell-Lange Nielsen Syndrome,G20
1064,Kartagener Syndrome,G20
1065,Klinefelter Syndrome,G20
1066,Laurence-Moon Syndrome,G20
1067,Leigh Disease,G20
1068,Lesch-Nyhan Syndrome,G20
1069,Littles Disease,G20
1070,Lynch Syndrome,G20
1071,March of Dimes,G20
1072,Marfan Syndrome,G20
1073,Martin-Bell Syndrome,G20
1074,Mental Retardation,G20
1075,Motor Skills Disorder,G20
1076,Neurofibromatosis,G20
1077,Oral-Facial Clefts,G20
1078,Phenylketonuria,G20
1079,PKU,G20
1080,Porphyria,G20
1081,Prader-Willi Syndrome,G20
1082,Pseudoxanthoma Elasticum,G20
1083,Pyruvate Carboxylase Deficiency Disease,G20
1084,Pyruvate Dehydrogenase Complex Deficiency Disease,G20
1085,Rett Disorder,G20
1086,Rett Syndrome,G20
1087,Retts Disorder,G20
1088,Retts Syndrome,G20
1089,Rett's Disorder,G20
1090,Rett's Syndrome,G20
1091,Rh Disease,G20
1092,Romano-Ward Syndrome,G20
1093,Rubinstein-Taybi Syndrome,G20
1094,Sickle Cell,G20
1095,Spina Bifida,G20
1096,Sudden Infant Death,G20
1097,Tay Sachs,G20
1098,Testicular Feminization Syndrome,G20
1099,Thalassemia,G20
1100,Turner Syndrome,G20
1101,Turners Syndrome,G20
1102,WAGR Syndrome,G20
1103,Werner Syndrome,G20
1104,Williams Syndrome,G20
1105,Xeroderma Pigmentosum,G20
1106,Trisomy,G25
1107,Down Anomaly,G25
1108,Downs Anomaly,G25
1109,Downs Syndrome,G25
1110,Mongolism,G25
1111,Trisomy 21,G25
1112,Bladder Cancer,G30
1113,Bone Cancer,G30
1114,Burkitts Lymphoma,G30
1115,Cancer,G30
1116,Carcinoma,G30
1117,Cervical Cancer,G30
1118,Colon Cancer,G30
1119,Colorectal Cancer,G30
1120,Fallopian Tube Cancer,G30
1121,Kaposi Sarcoma,G30
1122,Leukemia,G30
1123,Liver Cancer,G30
1124,Lung Cancer,G30
1125,Lymphoma,G30
1126,Melanoma,G30
1127,Multiple Myeloma,G30
1128,Oral Cancer,G30
1129,Ovarian Cancer,G30
1130,Pagets Disease,G30
1131,Pancreatic Cancer,G30
1132,Prostate Cancer,G30
1133,Rectal Cancer,G30
1134,Renal Cancer,G30
1135,Sarcoma,G30
1136,Skin Cancer,G30
1137,Stomach Cancer,G30
1138,Testicular Cancer,G30
1139,Uterine Cancer,G30
1140,Vaginal Cancer,G30
1141,Vulva Cancer,G30
1142,Womens Cancer,G30
1143,Breast cancer,G32
1144,Alopecia,G40
1145,Antitrypsin Deficiency,G40
1146,Bedwetting,G40
1147,Bladder Diseases,G40
1148,Cystitis,G40
1149,Diseases of the Spleen,G40
1150,Dwarfism,G40
1151,Dystrophic Epidermolysis Bullosa,G40
1152,Endometriosis,G40
1153,Enuresis,G40
1154,Epididymitis,G40
1155,Erectile Dysfunction,G40
1156,Female Genital Diseases,G40
1157,Genitourinary Diseases,G40
1158,Hansens Disease,G40
1159,Hematuria,G40
1160,Hemoglobinuria,G40
1161,Hepatitis,G40
1162,Hydrocele,G40
1163,Impotence,G40
1164,Incontinence,G40
1165,Infertility,G40
1166,Leprosy,G40
1167,Liver Diseases,G40
1168,Male Genital Diseases,G40
1169,Menopausal Disorders,G40
1170,Oliguria,G40
1171,Ovarian Cysts,G40
1172,Penile Diseases,G40
1173,Polyuria,G40
1174,Prostatic Diseases,G40
1175,Psoriasis,G40
1176,Renal Failure,G40
1177,Sjogrens Syndrome,G40
1178,Skin Diseases,G40
1179,Thyroid Diseases,G40
1180,Ureteral Diseases,G40
1181,Urethral Diseases,G40
1182,Urinary Tract Infections,G40
1183,Urination Disorders,G40
1184,Urogenital Diseases,G40
1185,Uterine Diseases,G40
1186,Vaginal Diseases,G40
1187,Vesico-Ureteral Reflux,G40
1188,Vitiligo,G40
1189,Vulvar Diseases,G40
1190,Achromatic Vision,G41
1191,Amaurosis,G41
1192,Amblyopia,G41
1193,Ametropia,G41
1194,Aniseikonia,G41
1195,Anisometropia,G41
1196,Asthenopia,G41
1197,Astigmatism,G41
1198,Blindness,G41
1199,Choroid Diseases,G41
1200,Color Blindness,G41
1201,Conjunctival Diseases,G41
1202,Corneal Diseases,G41
1203,Diochromatic Vision,G41
1204,Diplopia,G41
1205,Double Vision,G41
1206,Duane Retraction Syndrome,G41
1207,Eyelid Diseases,G41
1208,Glaucoma,G41
1209,Hemeralopia,G41
1210,Hemianopsia,G41
1211,Hyperopia,G41
1212,Lacrimal Apparatus Diseases,G41
1213,Lens Diseases,G41
1214,Low Vision,G41
1215,Macular Degeneration,G41
1216,Miller Fisher Syndrome,G41
1217,Myopia,G41
1218,Night Blindness,G41
1219,Nyctalopia,G41
1220,Ocular Hypertension,G41
1221,Ocular Hypotension,G41
1222,Ocular Motility Disorders,G41
1223,Optic Nerve Diseases,G41
1224,Orbital Diseases,G41
1225,Presbyopia,G41
1226,Proliferative Vitreoretinopathy,G41
1227,Pupil Disorders,G41
1228,Refractive Errors,G41
1229,Retenal Diseases,G41
1230,Retinal Dysplasia,G41
1231,Retinitis Pigmentosa,G41
1232,Retinitis,G41
1233,Scleral Diseases,G41
1234,Scleritis,G41
1235,Scotoma,G41
1236,Scotoma,G41
1237,Strabismus,G41
1238,Tolosa-Hunt Syndrome,G41
1239,Tunnel Vision,G41
1240,Uveal Diseases,G41
1241,Uvenitis,G41
1242,Vision Disorders,G41
1243,Vitreous Detachment,G41
1244,Aneurysm,G43
1245,Angina Pectoris,G43
1246,Angiodysplasia,G43
1247,Angioneurotic Edema,G43
1248,Aortic Diseases,G43
1249,Arrhythmia,G43
1250,Arterial Occulsive Diseases,G43
1251,Arteriosclerosis,G43
1252,Arteritis,G43
1253,Bradycardia,G43
1254,Capillary Leak Syndrome,G43
1255,Carcinoid Heart Disease,G43
1256,Cardiac Arrest,G43
1257,Cardiac Tamponade,G43
1258,Cardiomegaly,G43
1259,Cardiovascular Diseases,G43
1260,Carotid Stenosis,G43
1261,Congestive Heart Failure,G43
1262,Coronary Thrombosis,G43
1263,CREST Syndrome,G43
1264,Dysrhythmia,G43
1265,Embolism,G43
1266,Endocarditis,G43
1267,Erythromelalgia,G43
1268,Fibromuscular Dysplasia,G43
1269,Heart Aneurysm,G43
1270,Heart Diseases,G43
1271,Heart Valve Disease,G43
1272,High Blood Pressure,G43
1273,Hperemia,G43
1274,Hypertension,G43
1275,Hypertrophy,G43
1276,Hypotension,G43
1277,Ischemic Heart Disease,G43
1278,Leriches Syndrome,G43
1279,Low Blood Pressure,G43
1280,Mesenteric Vascular Occulsion,G43
1281,Mitral Valve Prolapse,G43
1282,Myocardial Diseases,G43
1283,Myocardial Infarction,G43
1284,Myocardial Ischemia,G43
1285,Paroxysmal Tachycardia,G43
1286,Pericardial Effusion,G43
1287,Pericarditis,G43
1288,Peripheral Vascular Diseases,G43
1289,Phlebitis,G43
1290,Phlebolgy,G43
1291,Pneumopericardium,G43
1292,Polyarteritis Nodosa,G43
1293,Postpericardiotomy Syndrome,G43
1294,Postphlebitic Syndrome,G43
1295,Pulmonary Heart Disease,G43
1296,Pulmonary Veno-Occulsive Disease,G43
1297,Raynauds Disease,G43
1298,Retinal Vein Occulsion,G43
1299,Rheumatic Heart Disease,G43
1300,Scimitar Syndrome,G43
1301,Shwartzman Phenomenon,G43
1302,Stroke,G43
1303,Spinal Cord Vascular Diseases,G43
1304,Superior Vena Cava Syndrome,G43
1305,Tachycardia,G43
1306,Telangiectasis,G43
1307,Thoracic Outlet Syndrome,G43
1308,Thromboangiitis Obiterans,G43
1309,Thrombophlebitis,G43
1310,Thrombosis,G43
1311,Varicose Veins,G43
1312,Variococele,G43
1313,Vascualr Fistula,G43
1314,Vascular Diseases,G43
1315,Vasculitis,G43
1316,Vasuclar Hemostatic Disorders,G43
1317,Venous Disorders,G43
1318,Venous Insufficiency,G43
1319,Ventricular Dysfunciton,G43
1320,Waldenstrom Macroglobulinemia,G43
1321,Anuria,G44
1322,Cystic Kidney,G44
1323,Fanconi Syndrome,G44
1324,Glomerulonephritis,G44
1325,Hemolytic-Uremic Syndrome,G44
1326,Hepatorenal Syndrome,G44
1327,Hydronephosis,G44
1328,Kidney Calculi,G44
1329,Kidney Cortex Necrosis,G44
1330,Kidney Failure,G44
1331,Kidney Papillary Necrosis,G44
1332,Kidney Stones,G44
1333,Nephritis,G44
1334,Nephrocalcinosis,G44
1335,Nephrosclerosis,G44
1336,Nephrosis,G44
1337,Nephrotic Syndrome,G44
1338,Perinephritis,G44
1339,Primary Hyperoxaluria,G44
1340,Pyelitis,G44
1341,Pyelonephritis,G44
1342,Real Artery Obstruction,G44
1343,Renal Failure,G44
1344,Renal Hypertension,G44
1345,Renal Osteodystrophy,G44
1346,Uremia,G44
1347,Asbestosis,G45
1348,Berylliosis,G45
1349,Black Lung Disease,G45
1350,Bronchial Diseases,G45
1351,Bronchiolitis Obliterans,G45
1352,Bronchitis,G45
1353,Bronchopulmonary Dysplasia,G45
1354,Byssinosis,G45
1355,Caplans Syndrome,G45
1356,Dyspnea,G45
1357,Emphysema,G45
1358,Eosinophilic Granuloma,G45
1359,Goodpasture Syndrome,G45
1360,Hand-Schueller-Christian Syndrome,G45
1361,Hemoptysis,G45
1362,Hyaline Membrane Disease,G45
1363,Interstitial Lung Diseases,G45
1364,Langerhans-Cell Histiocytosis,G45
1365,Letterer-Siwe Disease,G45
1366,Lung Abscess,G45
1367,Meconium Aspiration,G45
1368,Middle Lobe Syndrome,G45
1369,Non-Langerhans-Cell Histiocytosis,G45
1370,Obstructive Lung Diseases,G45
1371,Parasitic Lung Diseases,G45
1372,Pleural Diseases,G45
1373,Pleurisy,G45
1374,Pleuropneumonia,G45
1375,Pneumoconiosis,G45
1376,Pneumonia,G45
1377,Pulmonary Alveolar Proteinosis,G45
1378,Pulmonary Coin Lesion,G45
1379,Pulmonary Diseases,G45
1380,Pulmonary Edema,G45
1381,Pulmonary Embolism,G45
1382,Pulmonary Eosinophilia,G45
1383,Pulmonary Fibrosis,G45
1384,Pulmonary Plasma Cell Granuloma,G45
1385,Pulmonary Sarcoidosis,G45
1386,Radiation Pneumonitis,G45
1387,Respiration Disorders,G45
1388,Respiratory Distress Syndrome,G45
1389,Respiratory Insufficiency,G45
1390,Respiratory System Diseases,G45
1391,Respiratory Tract Diseases,G45
1392,Siderosis,G45
1393,Silicosis,G45
1394,Silo Fillers Disease,G45
1395,Tuberculosis,G45
1396,Wegeners Granulomatosis,G45
1397,Basal Ganglia Diseases,G48
1398,Brain Damage,G48
1399,Brain Diseases,G48
1400,Brain Injury,G48
1401,Brain Tumor,G48
1402,Cerebellar Diseases,G48
1403,Cerebrovascular Disorders,G48
1404,Chorea Gravidarum,G48
1405,Dejerine-Roussy Syndrome,G48
1406,Encephalomalacia,G48
1407,Hallervorden-Spatz Syndrome,G48
1408,Head Injury,G48
1409,Headache Disorders,G48
1410,Intracranial Hypertension,G48
1411,Intracranial Hypotension,G48
1412,Migraine,G48
1413,Seitelbergers Disease,G48
1414,Thalamic Diseases,G48
1415,Traumatic Brain Injury,G48
1416,ALS,G50
1417,Amyotrophic Lateral Sclerosis,G50
1418,Arnold Chiari Syndrome,G50
1419,Arthrogryposis,G50
1420,Atrophic Muscular Disorders,G50
1421,Autonomic Nervous System Diseases,G50
1422,Batten Disease,G50
1423,Bell Palsy,G50
1424,Bell's Palsy,G50
1425,Bone Diseases,G50
1426,Bursitis,G50
1427,Cartilage Diseases,G50
1428,Central Nervous System Diseases,G50
1429,Chronic Fatigue Syndrome,G50
1430,Chronobiology Disorders,G50
1431,Circadian Rhythm Sleep Disorders,G50
1432,Connective Tissue Diseases,G50
1433,De Quervain Disease,G50
1434,Dysautonomia,G50
1435,Fibromyalgia,G50
1436,Guillain-Barre Syndrome,G50
1437,Hemiplegia,G50
1438,Jet Lag Syndrome,G50
1439,Joint Diseases,G50
1440,Lou Gehrig Disease,G50
1441,Miller Fisher Syndrome,G50
1442,Mitochondrial Myopathies,G50
1443,MS,G50
1444,Multiple Sclerosis,G50
1445,Muscular Diseases,G50
1446,Muscular Dystrophy,G50
1447,Muscle Diseases,G50
1448,Musculoskeletal & Connective Tissue Diseases,G50
1449,Musculoskeletal Diseases,G50
1450,Myasthenia Gravis,G50
1451,Myoclonus,G50
1452,Myositis,G50
1453,Nervous System Diseases,G50
1454,Nervous System Trauma,G50
1455,Neurological Diseases,G50
1456,Osteoporosis,G50
1457,Parkinsons Disease,G50
1458,Rheumatic Diseases,G50
1459,Scheuermann Disease,G50
1460,Scoliosis,G50
1461,Spinal Cord Injury,G50
1462,Spinal Diseases,G50
1463,Spinal Disorders,G50
1464,Spondylitis,G50
1465,Spondylolisthesis,G50
1466,Tendinitis,G50
1467,Tennis Elbow,G50
1468,Tenosynovitis,G50
1469,Tietzes Syndrome,G50
1470,Tuberous Sclerosis,G50
1471,Ankylosing Spondylitis,G51
1472,Chondrocalcinosis,G51
1473,Gout,G51
1474,Neurotrophic Arthritis,G51
1475,Osteoathritis,G51
1476,Palindromic Arthritis,G51
1477,Psoriatic Arthritis,G51
1478,Reiter Disease,G51
1479,Rheumatism,G51
1480,Rheumatoid Arthritis,G51
1481,Spondylarthritis,G51
1482,Grand Mal,G54
1483,Haut Mal,G54
1484,Petit Mal,G54
1485,Allergies,G60
1486,Anaphylaxis,G60
1487,Angioneurotic Edema,G60
1488,Drug Hypersensitivity,G60
1489,Environmental Illness,G60
1490,Food Allergies,G60
1491,Food Hypersensitivity,G60
1492,Hay Fever,G60
1493,Hives,G60
1494,Hypersensitivity,G60
1495,Latex Hypersensitivity,G60
1496,Multiple Chemical Sensitivities,G60
1497,Rhinitis,G60
1498,Sick Building Syndrome,G60
1499,Urticaria,G60
1500,Wissler Syndrome,G60
1501,Bronchial Asthma,G61
1502,Status Asthmaticus,G61
1503,Abdominal Pain,G70
1504,Biliary Tract Diseases,G70
1505,Colitis,G70
1506,Crohns Disease,G70
1507,Curlings Ulcer,G70
1508,Diarrhea,G70
1509,Digestive System Diseases,G70
1510,Diverticulosis,G70
1511,Duodenal Ulcer,G70
1512,Esophageal Diseases,G70
1513,Gallbladder Diseases,G70
1514,Gastroenteritis,G70
1515,Gastrointestinal Diseases,G70
1516,Hernia,G70
1517,Ileitis,G70
1518,Intestinal Diseases,G70
1519,Jaundice,G70
1520,Mesenteric Vascular Occlusion,G70
1521,Pancreatic Diseases,G70
1522,Pancreatic Diseases,G70
1523,Peptic Ulcer,G70
1524,Peritoneal Diseases,G70
1525,Protein-Losing Enteropathies,G70
1526,Stomach Diseases,G70
1527,Stomach Ulcer,G70
1528,Visceroptosis,G70
1529,Achlorhydria,G80
1530,Achylia Gastrica,G80
1531,Acne,G80
1532,Acneiform Eruptions,G80
1533,Acquired Language Disorders,G80
1534,Addisons Disease,G80
1535,Adiposis Dolorosa,G80
1536,Agent Orange,G80
1537,Agraphia,G80
1538,Alcoholism,G80
1539,Alopecia,G80
1540,Antitrypsin Deficiency,G80
1541,Amebiasis,G80
1542,Amyloidosis,G80
1543,Anemia,G80
1544,Anomia,G80
1545,Aphasia,G80
1546,Articulation Disorders,G80
1547,Avitaminosis,G80
1548,Besnier-Boeck Disease,G80
1549,Blind Loop Syndrome,G80
1550,Boecks Sarcoid Disease,G80
1551,Bovine Spongiform Encephalopathy (BSE),G80
1552,Breast Diseases,G80
1553,Burns,G80
1554,Calcium Metabolism Disorders,G80
1555,Carpal Tunnel Syndrome,G80
1556,Cavernous Hemangioma,G80
1557,Celiac Disease,G80
1558,Chiari-Frommel Syndrome,G80
1559,Child Nutrition Disorders,G80
1560,Chlamydia,G80
1561,Cholera,G80
1562,Coagulation Defects,G80
1563,Communications Disorders,G80
1564,Cretinism,G80
1565,Creutzfeldt-Jakob Disease,G80
1566,Cryoglobulinemia,G80
1567,Cushing Syndrome,G80
1568,Deficiency Diseases,G80
1569,Dengue Fever,G80
1570,Dermatitis,G80
1571,Dermatomyositis,G80
1572,Dermatoses,G80
1573,Desert Storm Syndrome,G80
1574,Diabetes,G80
1575,Dwarfism,G80
1576,Dysarthria,G80
1577,Dyslexia,G80
1578,Dystrophic Epidermolysis Bullosa,G80
1579,Ebola Virus Hemorrhagic Fever,G80
1580,Echolalia,G80
1581,Eczema,G80
1582,Ehlers-Danlos Syndrome,G80
1583,Encephalitis,G80
1584,Endocrine Diseases,G80
1585,Epstein-Barr Virus,G80
1586,Erythema,G80
1587,Euthyroid Sick Syndromes,G80
1588,Exanthema,G80
1589,Expressive Language Disorder,G80
1590,Fifth Disease,G80
1591,Food Poisoning,G80
1592,Foodborne Infections,G80
1593,Foot Diseases,G80
1594,Frommels Disease,G80
1595,Galactorrhea,G80
1596,Genital Herpes,G80
1597,Genital Warts,G80
1598,Glucose Intolerance,G80
1599,Goiter,G80
1600,Gonadal Disorders,G80
1601,Gonorrhea,G80
1602,Graves Disease,G80
1603,Gynecomastia,G80
1604,Hair Diseases,G80
1605,Head Lice,G80
1606,Hemic Disease,G80
1607,Hemorrhagic Fevers,G80
1608,Hirsutism,G80
1609,Histiocytosis,G80
1610,Hookworm Infection,G80
1611,Hyperammonemia,G80
1612,Hyperbilirubinemia,G80
1613,Hyperglobulinemic Purpura,G80
1614,Hyperglycemia,G80
1615,Hyperinsulinemia,G80
1616,Hyperinsulinemia,G80
1617,Hyperinsulinism,G80
1618,Hyperlipidemia,G80
1619,Hyperoxaluria,G80
1620,Hyperparathyroidism,G80
1621,Hyperprolactinemia,G80
1622,Hyperthyroidism,G80
1623,Hyperthyroxinemia,G80
1624,Hypervitaminosis A,G80
1625,Hypochlorhydria,G80
1626,Hypoglycemia,G80
1627,Hypoparathyroidism,G80
1628,Hypothyroidism,G80
1629,Immunological Diseases,G80
1630,Immunoparasitology,G80
1631,Infectious Diseases,G80
1632,Injuries,G80
1633,Intertrigo,G80
1634,Iron Metabolism Disorders,G80
1635,Iron Overload,G80
1636,Iron-Deficiency Anemia,G80
1637,Juvenile Xanthogranuloma,G80
1638,Keratoacanthoma,G80
1639,Keratosis,G80
1640,Kimura Disease,G80
1641,Kussmaul Aphasia,G80
1642,Lactation Disorders,G80
1643,Lactose Intolerance,G80
1644,Language Disorders,G80
1645,Learning Disabilities,G80
1646,Lipodystrophy,G80
1647,Lupus,G80
1648,Lyme Disease,G80
1649,Lymphatic Diseases,G80
1650,Mad Cow Disease,G80
1651,Magnesium Deficiency,G80
1652,Malabsorption Syndromes,G80
1653,Malaria,G80
1654,Marchiafava-Micheli Syndrome,G80
1655,Mast-Cell Disease,G80
1656,Mastitis,G80
1657,Mastocytosis,G80
1658,Meningitis,G80
1659,Metabolic Diseases,G80
1660,Metabolic Skin Diseases,G80
1661,Metabolic Syndrome X,G80
1662,Mitochondrial Diseases,G80
1663,Mononucleosis,G80
1664,Mutism,G80
1665,Myxedema,G80
1666,Nail Diseases,G80
1667,Narcolepsy,G80
1668,Necrobiosis Lipoidica,G80
1669,Necrobiotic Disorders,G80
1670,Neurodermatitis,G80
1671,Nutrition Disorders,G80
1672,Nutritional Diseases,G80
1673,Obesity,G80
1674,Ochronosis,G80
1675,Orchitis,G80
1676,Orphan Diseases,G80
1677,Owrens Disease,G80
1678,Panniculitis,G80
1679,Papulosquamous Skin Diseases,G80
1680,Parasitology,G80
1681,Parasitic Diseases,G80
1682,Parathyroid Diseases,G80
1683,Persian Gulf Syndrome,G80
1684,Phosphorus Metabolism Disorders,G80
1685,Photosensitivity Disorders,G80
1686,Pickwickian Syndrome,G80
1687,Pigmentation Disorders,G80
1688,Pituitary Diseases,G80
1689,Pityriasis Lichenoides,G80
1690,Pityriasis Rosea,G80
1691,Pityriasis Rubra Pilaris,G80
1692,Plague,G80
1693,Porphyria,G80
1694,Potassium Deficiency,G80
1695,Prader-Willi Syndrome,G80
1696,Protein Deficiency,G80
1697,Prurigo,G80
1698,Pruritus,G80
1699,Rare Diseases,G80
1700,Refetoff Syndrome,G80
1701,Refetoff-DeWind-DeGroot Syndrome,G80
1702,Reyes Syndrome,G80
1703,Rocky Mountain Spotted Fever,G80
1704,Roundworm,G80
1705,Sarcoidosis,G80
1706,Scabies,G80
1707,Schamberg Disease,G80
1708,Schaumann Disease,G80
1709,Schistosomiasis,G80
1710,Schoenlein-Henoch Purpura,G80
1711,Scleredema,G80
1712,Scurvy,G80
1713,Sexually Transmitted Diseases,G80
1714,Short Bowel Syndrome,G80
1715,Sjogrens Syndrome,G80
1716,Skin Diseases,G80
1717,Sleeping Sickness,G80
1718,Speech Disorders,G80
1719,Stammering,G80
1720,Stuart-Prower Disease,G80
1721,Stuttering,G80
1722,Syphilis,G80
1723,TB,G80
1724,Testicular Diseases,G80
1725,Thymus Hyperplasia,G80
1726,Thyroid Diseases,G80
1727,Thyroid Hormone Resistance Syndrome,G80
1728,Thyroiditis,G80
1729,Thyrotoxicosis,G80
1730,Tick-borne Diseases,G80
1731,Trauma,G80
1732,Trichomoniasis,G80
1733,Tropical Diseases,G80
1734,Tropical Sprue,G80
1735,Typhoid Fever,G80
1736,Varicocele,G80
1737,Venereal Diseases,G80
1738,Virilism,G80
1739,Vitamin Deficiency,G80
1740,Vitiligo,G80
1741,Willebrand Disease,G80
1742,Waldenstrom Macroglobulinemia,G80
1743,Warts,G80
1744,Wasting Disease,G80
1745,Wasting Syndrome,G80
1746,Water-Electrolyte Imbalance,G80
1747,Waterhouse-Friderichsen Syndrome,G80
1748,West Nile Encephalitis,G80
1749,West Nile Virus,G80
1750,Whipples Disease,G80
1751,Wounds,G80
1752,Xanthomatosis,G80
1753,Yellow Fever,G80
1754,Acquired Immunodeficiency Syndrome,G81
1755,HIV,G81
1756,HIV/AIDS,G81
1757,HIV Related Diseases,G81
1758,Human Immunodeficiency Virus,G81
1759,Aspergers Disorder,G84
1760,Autistic Disorder,G84
1761,Childhood Disintegration Disorder,G84
1762,Pervasive Developmental Disorder,G84
1763,Anesthesiology,G90
1764,Cardiology,G90
1765,Cardiovascular Medicine,G90
1766,Chiropractic,G90
1767,Dermatology,G90
1768,Emergency Medicine,G90
1769,Endocrinology,G90
1770,Family Practice,G90
1771,Forensic Medicine,G90
1772,Gastroenterology,G90
1773,Gynecologists,G90
1774,Hematology,G90
1775,Immunology,G90
1776,Infectious Disease,G90
1777,Internal Medicine,G90
1778,Mortuary Science,G90
1779,Nephrology,G90
1780,Nuclear Medicine,G90
1781,OB/GYN,G90
1782,Obstetric/Gynecology,G90
1783,Occupational Medicine,G90
1784,Oncology,G90
1785,Ophthalmology,G90
1786,Optometry,G90
1787,Osteopathic Medicine,G90
1788,Otolaryngology,G90
1789,Pathology,G90
1790,Phlebology,G90
1791,Physical Medicine,G90
1792,Podiatry,G90
1793,Preventive Medicine,G90
1794,Psychiatry,G90
1795,Pulmonary Disease Specialists,G90
1796,Radiology,G90
1797,Rehabilitative Medicine,G90
1798,Reproductive Medicine,G90
1799,Rheumatology,G90
1800,Urology,G90
1801,Venereology,G90
1802,Biomedical Engineering,G92
1803,Biomedicine,G92
1804,Clinical Engineering,G92
1805,Rehabilitation Engineering,G92
1806,Neurology,G96
1807,Neurosciences,G96
1808,Neonatology,G98
1809,Perinatology,G98
1810,"Colon & Rectal Surgery, Colorectal Surgery",G9B
1811,Cosmetic Surgery,G9B
1812,Neurological Surgery,G9B
1813,Neurosurgery,G9B
1814,Orthopedics,G9B
1815,Orthopedic Surgery,G9B
1816,Plastic Surgery,G9B
1817,Reconstructive Surgery,G9B
1818,Thoracic Surgery,G9B
1819,Traumatology,G9B
1820,Anti-Crime Patrols,I20
1821,Arson Prevention,I20
1822,Block Parents,I20
1823,Block Watch,I20
1824,Child Finger Television,I20
1825,Citizen Crime Reporting,I20
1826,Citizen Patrols,I20
1827,Citizens Crime Watch,I20
1828,Civilian Crime Patrols,I20
1829,Community Watch,I20
1830,Crime Reporting,I20
1831,Crime Prevention,I20
1832,Crime Watch,I20
1833,Crime Stoppers,I20
1834,Crimebusters,I20
1835,Crimestoppers,I20
1836,Crimewatch,I20
1837,Dangerous Weapons Regulation and Control,I20
1838,Firearms Control,I20
1839,Fraud Reporting,I20
1840,Gun Control,I20
1841,Hate Crime Prevention,I20
1842,Home Alert,I20
1843,Kidnapped Children,I20
1844,Missing Children,I20
1845,Missing Persons,I20
1846,Neighborhood Watch,I20
1847,Online Crime Prevention,I20
1848,Self-Defense,I20
1849,Tip Lines,I20
1850,Violence Prevention,I20
1851,Gang Related,I21
1852,Juvenile Delinquency Prevention,I21
1853,SADD,I21
1854,Students Against Destructive Decisions,I21
1855,Students Against Drunk Driving,I21
1856,Youth Crime Prevention,I21
1857,Detention of Alleged Law Violators,I30
1858,Detention of Law Violators,I30
1859,Jails,I30
1860,Penitentiaries,I30
1861,Prisons,I30
1862,Half-Way Houses for Ex-Offenders,I31
1863,Half-Way Houses for Offenders,I31
1864,Prerelease Centers,I31
1865,Transitional Care for Ex-Offenders,I31
1866,Transitional Care for Offenders,I31
1867,Work Release Centers,I31
1868,Bail Assistance,I40
1869,Correctional Restitution,I40
1870,Court Referral,I40
1871,Day Reporting Centers,I40
1872,Electronic Monitoring of Detention,I40
1873,Ex-Offender Counseling,I40
1874,Ex-Offender Reentry,I40
1875,Juvenile Parole,I40
1876,Parole,I40
1877,Pre-Release,I40
1878,Pretrial Electronic Monitoring,I40
1879,Pretrial Release,I40
1880,Probation,I40
1881,Restorative Justice,I40
1882,Teen Court,I40
1883,Victim/Offender Reconciliation,I40
1884,VORP,I40
1885,Work Furlough,I40
1886,Work Release,I40
1887,Youth Court,I40
1888,Correctional Education,I43
1889,Family Visitation,I43
1890,Family Visitation Support,I43
1891,Inmate Counseling,I43
1892,Inmate Pre-Release Reentry,I43
1893,Inmate Support,I43
1894,Inmate Visitation,I43
1895,Inmate Visiting Transportation,I43
1896,Jail Visitation,I43
1897,Offender Advocates,I43
1898,Pregnant/Parenting Inmate Support,I43
1899,Prison Libraries,I43
1900,Prison Ministries,I43
1901,Prison Visitation,I43
1902,Prisoner Locator,I43
1903,Volunteer Inmate Visiting,I43
1904,Volunteer Jail Visiting,I43
1905,Adult Diversion,I44
1906,Alternatives to Incarceration,I44
1907,Community Corrections,I44
1908,Community-Based Correctional Facility,I44
1909,Day Treatment for Offenders,I44
1910,Diversion,I44
1911,Group Homes for Offenders,I44
1912,Home Confinement,I44
1913,Housing,I44
1914,Intensive Supervision of Offenders,I44
1915,Juvenile Alternative Sentencing,I44
1916,Juvenile Detention Facilities,I44
1917,Juvenile Detention Homes,I44
1918,Juvenile Diversion,I44
1919,Juvenile Justice System,I44
1920,Prison Alternatives,I44
1921,Prison Boot Camps,I44
1922,Reformatories,I44
1923,Residential Restitution Centers,I44
1924,Residential Treatment Facilities for Offenders,I44
1925,Weekend Sentences,I44
1926,Administration of Justice,I50
1927,Alternatives to Litigation,I50
1928,Bail Deviation,I50
1929,Court Administration,I50
1930,Court Orientation for Offenders,I50
1931,Court Reform,I50
1932,Courts,I50
1933,Criminal Justice Systems,I50
1934,Expert Witnesses,I50
1935,Penal Reform,I50
1936,Prison Reform,I50
1937,Alternative Dispute Resolution,I51
1938,Alternative to Litigation,I51
1939,Arbitration,I51
1940,Conflict Resolution,I51
1941,Dispute Resolution,I51
1942,Dissolution Assistance,I51
1943,Labor Mediation,I51
1944,Landlord/Tenant Mediation,I51
1945,Mediation,I51
1946,Mini-Trials,I51
1947,Fraternal Order of Police,I60
1948,K-9 Police team,I60
1949,Law Enforcement Agencies,I60
1950,Police Academies,I60
1951,Police Auxiliaries,I60
1952,Police Benefit Associations,I60
1953,Police Benevolent Associations,I60
1954,Police Chaplains,I60
1955,Police Departments,I60
1956,Police Protective Associations,I60
1957,Police Reserves,I60
1958,Police Training,I60
1959,Sheriffs Associations,I60
1960,Sheriff's Posse,I60
1961,Sheriffs Posse,I60
1962,Abuse of the Elderly,I70
1963,Abuse Prevention,I70
1964,Crimes Against the Elderly,I70
1965,Domestic Violence,I70
1966,Elder Abuse,I70
1967,Granny Bashing,I70
1968,Granny Dumping,I70
1969,King Lear Syndrome,I70
1970,Violence in the Family,I70
1971,Violence Prevention,I70
1972,Violent Families,I70
1973,Battered Husbands,I71
1974,Battered Wives,I71
1975,Conjugal Crime Prevention,I71
1976,Domestic Abuse Prevention,I71
1977,Domestic Rape Prevention,I71
1978,Domestic Violence,I71
1979,Husband Abuse Prevention,I71
1980,Marital Rape Prevention,I71
1981,Spousal Abuse Prevention,I71
1982,Wife Abuse Prevention,I71
1983,Abuse of Children,I72
1984,Abused Children,I72
1985,Abusive Parents,I72
1986,Battered Children,I72
1987,CAC,I72
1988,Child Abuse Hotlines,I72
1989,Child Abuse Prevention,I72
1990,Child Neglect,I72
1991,Child Protection,I72
1992,Cruelty to Children,I72
1993,Domestic Violence,I72
1994,Incest,I72
1995,Infanticide,I72
1996,Parents Anonymous,I72
1997,Prevention of Child Mistreatment,I72
1998,Shaken Baby Syndrome,I72
1999,Child Molestation Prevention,I73
2000,Dating Violence Prevention,I73
2001,Domestic Violence,I73
2002,Rape Prevention,I73
2003,Sexual Assault Prevention,I73
2004,Sex Offender Registration,I73
2005,Court-appointed Counsel,I80
2006,Discrimination Assistance,I80
2007,Equal Employment Opportunity,I80
2008,Fair Housing,I80
2009,Fair Housing Counseling,I80
2010,Guardians ad Litem,I80
2011,Guardianship,I80
2012,Housing Discrimination Assistance,I80
2013,Housing Discrimination Counseling,I80
2014,Landlord/Tenant Law,I80
2015,Legal Aid,I80
2016,Legal Aid to the Poor,I80
2017,Legal Counseling,I80
2018,Legal Representation,I80
2019,Legal Services for Indigents,I80
2020,Pro Bono Cases,I80
2021,Public Defenders,I80
2022,Class Action Lawsuits,I83
2023,Public Interest Law,I83
2024,Public Interest Litigation,I83
2025,Bonding for Employment,J20
2026,Business Attire,J20
2027,Dislocated Workers Training,J20
2028,Displaced Homemakers,J20
2029,Dress for Success,J20
2030,Employment Acquisition,J20
2031,Employment Agencies,J20
2032,Employment Placement Agencies,J20
2033,Employment Preparation,J20
2034,Employment Procurement,J20
2035,Employment Referrals,J20
2036,Employment Resource Center,J20
2037,Employment Retraining,J20
2038,Employment Screening/Finding,J20
2039,Equal Employment Opportunity,J20
2040,Foreign Employment,J20
2041,Job Banks,J20
2042,Job Clubs,J20
2043,Job Counseling and Placement,J20
2044,Job Fairs,J20
2045,Job Information Clearinghouses,J20
2046,Job Information Lines,J20
2047,Job Interview Training,J20
2048,Job Listings,J20
2049,Job Placement Assistance,J20
2050,Job Readiness,J20
2051,Job Referrals,J20
2052,Job Search Assistance,J20
2053,Job Search Resource Center,J20
2054,Occupational Retraining,J20
2055,Occupational Training for Dislocated Workers,J20
2056,OICs,J20
2057,Opportunities Industrialization Centers,J20
2058,Post Employment Assistance,J20
2059,Pre-Job Guidance,J20
2060,Reentry Training,J20
2061,Resume Preparation Assistance,J20
2062,Retraining,J20
2063,SCSEP,J20
2064,Senior Citizen Employment,J20
2065,Senior Community Service Employment,J20
2066,SER-Jobs for Progress,J20
2067,Title V,J20
2068,Work Reentry Training,J20
2069,Assessment Testing,J21
2070,Career Awareness,J21
2071,Career Counseling,J21
2072,Career Development,J21
2073,Career Goals,J21
2074,Career Guidance,J21
2075,Career Planning,J21
2076,Employment Aptitude Testing,J21
2077,Employment Counseling,J21
2078,Employment Interest Measures,J21
2079,Interest Inventories,J21
2080,Job Counseling,J21
2081,Vocational Assessment,J21
2082,Vocational Counseling,J21
2083,Vocational Guidance,J21
2084,Vocational Information,J21
2085,Vocational Testing,J21
2086,Apprenticeship & Training Trusts,J22
2087,Apprenticeships,J22
2088,Community Work & Training,J22
2089,Employment Training,J22
2090,Field Experience,J22
2091,Industrial Training,J22
2092,In-service Training,J22
2093,Internships,J22
2094,Job Corps,J22
2095,Job Training,J22
2096,Jobs Training Partnership Act,J22
2097,JTPA,J22
2098,JTPA Summer,J22
2099,Manpower Training,J22
2100,Occupational Training,J22
2101,On-the-Job Training,J22
2102,Personnel Training,J22
2103,Practice Teaching,J22
2104,Practicums,J22
2105,Public Employment & Training,J22
2106,Residency,J22
2107,School to Career,J22
2108,School to Work,J22
2109,Senior Community Service Employment,J22
2110,Student Field Work,J22
2111,Summer Youth Employment,J22
2112,Title IIA,J22
2113,Title IIB,J22
2114,Title IIC,J22
2115,Welfare to Work,J22
2116,WIA,J22
2117,Work & Training,J22
2118,Work Experience,J22
2119,Workfare,J22
2120,Workforce Development,J22
2121,Workforce Investment Act,J22
2122,Youth Corps,J22
2123,Youth Job Training & Employment,J22
2124,Employment for Disabled Persons,J30
2125,Employment for the Homebound,J30
2126,Homebound Employment,J30
2127,Housebound Employment,J30
2128,Job Coach,J30
2129,On-the-Job Coaching,J30
2130,Supported Employment,J30
2131,Work Adjustment Training,J30
2132,Remunerative Sheltered Employment,J33
2133,Sheltered Employment,J33
2134,Sheltered Remunerative Employment,J33
2135,Sheltered Work Activity Centers,J33
2136,Sheltered Workshops,J33
2137,Baby Food Suppliers,K30
2138,Commodity Distribution,K30
2139,Community Food Gardening,K30
2140,Cooperative Food Purchasing,K30
2141,Emergency Food,K30
2142,Farmers Markets,K30
2143,Food Aid,K30
2144,Food Assistance,K30
2145,Food Baskets,K30
2146,Food Cooperatives,K30
2147,Food Co-ops,K30
2148,Food Distribution,K30
2149,Food Gleaning,K30
2150,Food Lines,K30
2151,Food Vouchers,K30
2152,Groceries on Wheels,K30
2153,Grocery Vouchers,K30
2154,Food Banks,K31
2155,Food Clearinghouse,K31
2156,Food Closet,K31
2157,Food Outlets,K31
2158,Food Pantries,K31
2159,Food Supplement Distribution,K31
2160,Free Food Distribution,K31
2161,Surplus Commodity Distribution,K31
2162,Adult Care Feeding,K34
2163,Child Care Feeding,K34
2164,Child Nutrition,K34
2165,Group Meals,K34
2166,Low-Cost Meals,K34
2167,Meal Vouchers,K34
2168,Milk Programs,K34
2169,Nutrition Sites,K34
2170,School Breakfasts,K34
2171,School Lunches,K34
2172,Summer Food Service,K34
2173,Senior Nutrition Sites,K34
2174,Homeless Meals,K35
2175,Meals for Homeless People,K35
2176,Soup Kitchens,K35
2177,Home Delivered Meals,K36
2178,Home Meals,K36
2179,Meals on Wheels,K36
2180,Mobile Meals,K36
2181,Basic Food Groups,K40
2182,Healthful Eating,K40
2183,Nutrition Assistance,K40
2184,Nutrition Education,K40
2185,"Special Supplemental Nutrition for Women, Infants and Children",K40
2186,USDA Food Pyramid,K40
2187,Vegetarianism.,K40
2188,WIC,K40
2189,Family Life,K50
2190,Homemaking,K50
2191,Housekeeping,K50
2192,Accessible Housing,L20
2193,Affordable Housing,L20
2194,Barrier-Free Housing,L20
2195,Habitat for Humanity,L20
2196,Housing Construction,L20
2197,Housing Cooperatives,L20
2198,Housing Development,L20
2199,Housing Management,L20
2200,Inexpensive Housing,L20
2201,Low Cost Housing,L20
2202,Low Income Housing,L20
2203,Low to Moderate Cost Housing,L20
2204,Low to Moderate Income Housing,L20
2205,Mobile Home Parks,L20
2206,Moderate Income Housing,L20
2207,Rooming Houses,L20
2208,Shared Housing,L20
2209,Single Room Occupancy,L20
2210,SRO Hotels,L20
2211,SRO Housing,L20
2212,SROs,L20
2213,Sweat Equity,L20
2214,Urban Homesteading,L20
2215,Farm Labor Housing Program,L21
2216,Federal Leased Housing,L21
2217,FMHA 515,L21
2218,Government Subsidized Housing,L21
2219,Housing and Urban Development Housing,L21
2220,Housing Authorities,L21
2221,HUD Housing,L21
2222,Leased Housing,L21
2223,Low and Moderate Income Housing,L21
2224,Low Income and Affordable Housing,L21
2225,Public Housing,L21
2226,Rent Subsidies,L21
2227,RHS Programs,L21
2228,Rural Housing Service,L21
2229,Section 202,L21
2230,Section 231,L21
2231,Section 236,L21
2232,Section 8,L21
2233,"Section 811, Section 221(d)(3)",L21
2234,Section 221(d)(4)Subsidized Housing,L21
2235,Subsidized Rental Housing,L21
2236,Age Restricted Communities,L22
2237,Agency on Aging Apartments,L22
2238,Elderly Housing,L22
2239,HUD 202,L22
2240,Retirement Communities,L22
2241,Retirement Homes,L22
2242,Section 202 Supportive Housing for the Elderly,L22
2243,Senior Apartment Complexes,L22
2244,Senior Citizens Housing,L22
2245,Senior Citizens Retirement Communities,L22
2246,Senior Congregate Living Facilities,L22
2247,Senior Retirement Communities,L22
2248,HUD 811,L24
2249,Section 811 Supportive Housing for Persons with Disabilities.,L24
2250,Home Purchase Listings,L30
2251,Home Rental Listings,L30
2252,Housing Search and Information,L30
2253,Relocation Assistance,L30
2254,Roommate Matching Assistance,L30
2255,Bridge Housing for Homeless People,L40
2256,Emergency Housing,L40
2257,Hostels,L40
2258,Temporary Accommodations,L40
2259,Transitional Housing,L40
2260,Transitional Living Centers,L40
2261,Transitional Shelter,L40
2262,Youth Hostels,L40
2263,Bad Weather Shelters,L41
2264,Bridge Housing,L41
2265,Community Shelters,L41
2266,Mission Housing,L41
2267,Motel Vouchers,L41
2268,Urban Campsites,L41
2269,Overnight Shelters,L41
2270,Home Purchase Counseling,L80
2271,Homeowner Purchase Counseling,L80
2272,Homeownership Counseling,L80
2273,Homeownership Education,L80
2274,Homeownership Training,L80
2275,Household Goods Storage Assistance,L80
2276,Housing Counsel,L80
2277,HUD Counseling Services,L80
2278,Mortgage Counseling,L80
2279,Moving Assistance,L80
2280,Bathroom Accessibility Modifications,L81
2281,Christmas in April,L81
2282,Energy Conservation Home Improvement,L81
2283,Energy Conservation Rebates,L81
2284,Home Barrier Evaluation,L81
2285,Home Barrier Removal,L81
2286,Home Energy Conservation,L81
2287,Home Improvement,L81
2288,Home Rehabilitation,L81
2289,Home Repairs,L81
2290,Insulation,L81
2291,Kitchen Accessibility Modifications,L81
2292,Ramp Construction,L81
2293,Weather Stripping,L81
2294,Weatherization,L81
2295,Construction Loans,L82
2296,Electric Bill Payments Assistance,L82
2297,Gas Bill Payments Assistance,L82
2298,Home Purchase Loans,L82
2299,House Payment Assistance,L82
2300,Housing Costs,L82
2301,Housing Down Payment Assistance,L82
2302,Housing Expense Assistance,L82
2303,Housing Payments Assistance,L82
2304,Mortgage Payments Assistance,L82
2305,Moving Expense Assistance,L82
2306,Property Tax Relief,L82
2307,Rent Assistance,L82
2308,Rental Deposit Assistance,L82
2309,Security Deposit Assistance,L82
2310,Telephone Bill Payments Assistance,L82
2311,Utility Bill Payments Assistance,L82
2312,Water Bill Payments Assistance,L82
2313,Relief,M20
2314,Avalanches,M20
2315,Brush Fires,M20
2316,Catastrophe Planning,M20
2317,Chemical Emergencies,M20
2318,Civil Defense,M20
2319,Civil Unrest,M20
2320,Community Disaster Information,M20
2321,Debris Removal,M20
2322,Disaster Alert Systems,M20
2323,Disaster Donations,M20
2324,Disaster Hotlines,M20
2325,Disaster Information,M20
2326,Disaster Kits,M20
2327,Disaster Loans,M20
2328,Disaster Mitigation,M20
2329,Disaster Planning,M20
2330,Disaster Preparedness,M20
2331,Disaster Readiness,M20
2332,Disaster Recovery Centers,M20
2333,Disaster Relief/Recovery,M20
2334,Disaster Relief,M20
2335,Disaster Response,M20
2336,Disaster Service Centers,M20
2337,Disaster Services,M20
2338,Disaster-Specific Home Repairs,M20
2339,Disaster Specific Rent Assistance,M20
2340,Droughts,M20
2341,Early Warning Alerts,M20
2342,Earthquakes,M20
2343,Emergency Communications,M20
2344,Emergency Dispatch,M20
2345,Emergency Management,M20
2346,Emergency Preparedness/Response Training,M20
2347,Emergency Radio,M20
2348,Evacuation Plans,M20
2349,Explosions,M20
2350,Extreme Heat,M20
2351,Floods,M20
2352,Flood Protection and Control,M20
2353,Forest Fires,M20
2354,Grass Fires,M20
2355,Hazardous Materials Emergencies,M20
2356,Homeland Security,M20
2357,Hurricanes,M20
2358,Landslide/Mudslides,M20
2359,Natural Disasters,M20
2360,Nuclear Emergencies,M20
2361,Post-Disaster Clean-Up,M20
2362,Post-Disaster Housing Assistance,M20
2363,Post-Disaster Housing Databanks/Referrals,M20
2364,Post-Disaster Rebuilding Assistance,M20
2365,Post-Disaster Volunteer Management,M20
2366,Radiological Emergencies,M20
2367,Snowstorms,M20
2368,Terrorism,M20
2369,Thunderstorms,M20
2370,Tidal Waves,M20
2371,Tornados,M20
2372,Tsunamis,M20
2373,Volcanic Eruptions,M20
2374,Wildfires,M20
2375,Wildland Fires,M20
2376,Winter Storms,M20
2377,Woodland Fires,M20
2378,Air Rescue,M23
2379,Lifeguards,M23
2380,Beach Rescue,M23
2381,Dive Rescue,M23
2382,K-9 Search and Rescue,M23
2383,Mountain Rescue,M23
2384,Rescue Squads,M23
2385,Sea Rescue,M23
2386,Search and Rescue,M23
2387,Search Dogs,M23
2388,Ski Patrol,M23
2389,Ski Rescue,M23
2390,Swift Water Rescue,M23
2391,Traffic Accident Rescue,M23
2392,Underwater Search/Rescue/Recovery,M23
2393,Urban Search and Rescue,M23
2394,Wilderness Rescue,M23
2395,Civil Air Patrol ,M23
2396,Fire Code Inspections,M24
2397,Fire Companies,M24
2398,Fire Departments,M24
2399,Fire Fighting,M24
2400,Fire Safety Inspections,M24
2401,Fire Suppression Systems,M24
2402,Fire Prevention,M24
2403,Firefighters,M24
2404,Wildfire Residential Fire Protection Systems,M24
2405,Art and Music Camps,N20
2406,Art Camps,N20
2407,Athletic Camps,N20
2408,Computer Camps,N20
2409,Dance Camps,N20
2410,Day Camps,N20
2411,Music Camps,N20
2412,Performning Arts Camps,N20
2413,Recreational Camps,N20
2414,Residential Camps,N20
2415,Special Interest Camps,N20
2416,Sports Camps,N20
2417,Summer Camps,N20
2418,Therapeutic Camps,N20
2419,Aquatic Centers,N30
2420,Arenas,N30
2421,Athletic Facilities,N30
2422,Equestrian Centers,N30
2423,Gymnasiums,N30
2424,Natatoriums,N30
2425,Physical Fitness Facilities,N30
2426,Recreation Centers,N30
2427,Recreational Centers,N30
2428,Recreation Councils,N30
2429,Skating Rinks,N30
2430,Stadiums,N30
2431,Swimming Pools,N30
2432,Athletic Fields and Courts,N32
2433,Beaches,N32
2434,Bike Trails,N32
2435,Bridle Trails,N32
2436,Campgrounds,N32
2437,Hiking Trails,N32
2438,Jogging Trails,N32
2439,National Parks,N32
2440,Off-Road Vehicle Trails,N32
2441,Parks,N32
2442,Picnic Grounds,N32
2443,Playgrounds,N32
2444,Public Parks,N32
2445,Recreational Trails,N32
2446,Skate Parks,N32
2447,Ski Areas,N32
2448,Snowmobile Trails,N32
2449,State Parks,N32
2450,Police Athletic Leagues,O20
2451,Teen Centers,O20
2452,Teen Clubs,O20
2453,Youth Centers,O20
2454,Youth Clubs,O20
2455,Adult/Child Matching,O30
2456,Adult/Child Mentoring,O30
2457,Big Friends,O30
2458,Foster Grandparents,O30
2459,Intergenerational Programs,O30
2460,Big Brothers,O31
2461,Big Sisters,O31
2462,Boy Scouts,O41
2463,Cub Scouts,O41
2464,Eagle Scouts,O41
2465,Explorers,O41
2466,Daisy Girl Scouts,O42
2467,Brownie Girl Scouts,O42
2468,Junior Girl Scouts,O42
2469,Cadette Girl Scouts,O42
2470,Girl Scouts,O42
2471,Senior Girl Scouts,O42
2472,Adventure,O43
2473,Camp Fire USA,O43
2474,Discovery,O43
2475,Horizon,O43
2476,Starflight,O43
2477,Afterschool Programs,O50
2478,After-School Programs,O50
2479,After School Programs,O50
2480,Character Development for Youth,O50
2481,Future Homemakers,O50
2482,Future Leaders of America,O50
2483,Hugh OBrian Youth Foundation,O50
2484,Key Clubs,O51
2485,Youth Service America,O51
2486,H Clubs,O52
2487,Agricultural Leadership Programs for Youth,O52
2488,Four-H Clubs,O52
2489,FFA,O52
2490,Future Farmers of America,O52
2491,Junior Achievement,O53
2492,Student Operated Business,O53
2493,Boys Nation,O54
2494,Boys State,O54
2495,Citizenship Programs for Youth,O54
2496,Girls Nation,O54
2497,Girls State,O54
2498,HI-Y Leadership Center,O54
2499,Kids Voting,O54
2500,Mock Elections,O54
2501,Model United Nations Assemblies,O54
2502,Presidential Classroom,O54
2503,United States Senate Youth Program,O54
2504,Youth Citizenship,O54
2505,Youth in Government,O54
2506,Youth Republic,O54
2507,Campus Crusade for Christ,O55
2508,Catholic Youth Organizations,O55
2509,Christian Youth Clubs,O55
2510,Faith-Based Youth,O55
2511,Liberal Religious Youth,O55
2512,Youth for Christ,O55
2513,Catholic Human Services,P20
2514,Catholic Social Services,P20
2515,Community Services,P20
2516,Jewish Human Services,P20
2517,Lutheran Aid Societies,P20
2518,Lutheran Social Services,P20
2519,Multipurpose Human Services,P20
2520,Protestant Human Services,P20
2521,Religious Welfare,P20
2522,Saint Vincent DePaul Society,P20
2523,United Service Organizations,P20
2524,United Services,P20
2525,Community Centers,P28
2526,Jewish Community Centers,P28
2527,Neighborhood Centers,P28
2528,Neighborhood Multipurpose Centers,P28
2529,Settlement Houses,P28
2530,Adolescent Pregnancy Prevention,P30
2531,Adolescent Services,P30
2532,Child Development Support,P30
2533,Child Welfare,P30
2534,Childrens Aid Societies,P30
2535,Childrens Home Societies,P30
2536,Childrens Protective Services,P30
2537,Childrens Services,P30
2538,Childrens Social Services,P30
2539,Multipurpose Childrens Services,P30
2540,Runaway Hotlines,P30
2541,Runaway Services,P30
2542,Teen Pregnancy Prevention,P30
2543,Youth Services,P30
2544,Adoption Agencies,P31
2545,Adoptive Family Recruitment,P31
2546,Adoptive Parent/Child Search,P31
2547,Adoption Registry,P31
2548,Birth Child Location,P31
2549,Biological Parent Location,P31
2550,Birth Parent Location,P31
2551,Children,P31
2552,Court-Appointed Confidential Intermediaries,P31
2553,Natural Parent Location,P31
2554,International Adoption,P31
2555,Special Needs Adoption,P31
2556,Youth,P31
2557,Foster Care for Adults with Disabilities,P32
2558,Foster Care for Children with Disabilities,P32
2559,Foster Care for Dependent Children,P32
2560,Foster Home Care,P32
2561,Foster Home Placement,P32
2562,Foster Homes,P32
2563,Foster Parent/Family Recruitment,P32
2564,Therapeutic Foster Care,P32
2565,After School Care,P33
2566,Babysitting,P33
2567,Before School Care,P33
2568,Child Care Centers,P33
2569,Child Care Co-ops,P33
2570,Child Caregivers,P33
2571,Childrens Day Care,P33
2572,Corporate Day Care,P33
2573,"Day Care, Children",P33
2574,Drop-In Child Care,P33
2575,Extended Day Care,P33
2576,Faith-Based Child Care ,P33
2577,Family Child Care Homes,P33
2578,Infant Care Centers,P33
2579,In-Home Child Care,P33
2580,Latchkey Child Care ,P33
2581,Nanny,P33
2582,Nighttime Child Care,P33
2583,Sick Child Care,P33
2584,Child Development Classes,P40
2585,Companionship Programs,P40
2586,Co-Parenting Workshops,P40
2587,Expectant/New Parent Assistance,P40
2588,Family Life Education,P40
2589,Family Preservation,P40
2590,Family Reunification,P40
2591,Family Strengthening,P40
2592,Family-Based Services,P40
2593,Mothers of Multiple Births,P40
2594,Parent Education,P40
2595,Parenting Education,P40
2596,Parenting Skills,P40
2597,Respite Care,P40
2598,Parents Without Partners,P42
2599,Single Parent Agencies,P42
2600,Single Parents,P42
2601,Battered Womens Hotlines,P43
2602,Battered Womens Shelters,P43
2603,Crisis Nurseries,P43
2604,Crisis Shelters,P43
2605,Domestic Violence Shelters,P43
2606,Family Crisis Shelters,P43
2607,Family Violence Shelters,P43
2608,Safe Houses,P43
2609,Errand Running,P44
2610,Grocery Delivering,P44
2611,Homemaker Assistance,P44
2612,Home Health Aide,P44
2613,Home Maintenance,P44
2614,Housekeeping Assistance,P44
2615,In-Home Assistance,P44
2616,In-Home Hairdressing,P44
2617,In-Home Meal Preparation,P44
2618,Personal Care,P44
2619,Secretarial Assistance,P44
2620,"Yard Work
See also: Home Health Care
",P44
2621,Adolescent Parents,P45
2622,Adolescent Parents Pregnancy Counseling,P45
2623,Maternity Home Care,P45
2624,Maternity Homes for Unwed Mothers,P45
2625,Post Pregnancy Shelter Care,P45
2626,Teen Parents,P45
2627,Unwed Pregnant Womens Shelter,P45
2628,Christian Counseling,P46
2629,Christian Support Services,P46
2630,Conciliation Counseling,P46
2631,Marital Counseling,P46
2632,Marital Counseling,P46
2633,Marriage Counseling,P46
2634,Marriage Encounter,P46
2635,Pastoral Counseling,P46
2636,Premarital Counseling,P46
2637,Religious Counseling,P46
2638,Spiritual Counseling,P46
2639,Birthright,P47
2640,Crisis Pregnancies,P47
2641,"Crisis Pregnancy Centers, Pregnancy Centers, Pregnancy Care Centers",P47
2642,"Pregnancy Care Clinics.
",P47
2643,Assertiveness Training,P50
2644,Conflict Resolution Training,P50
2645,Consciousness-Raising Groups,P50
2646,Cultural Awareness/Competencies Training,P50
2647,Death and Dying Workshops,P50
2648,Disability Awareness,P50
2649,Emancipation Preparation,P50
2650,Individual Development,P50
2651,Information and Referrals,P50
2652,Interpersonal Communication Training,P50
2653,Life Skills Training,P50
2654,Marriage Enrichment,P50
2655,Meditation,P50
2656,Personal Enrichment,P50
2657,Personal Growth ,P50
2658,Relationship Workshops,P50
2659,Self-Esteem Workshops,P50
2660,Self-Help Groups,P50
2661,Sensitivity Training,P50
2662,Social Responsibility ,P50
2663,Social Skills Training,P50
2664,Stress Management,P50
2665,Team Building Activities,P50
2666,Yoga,P50
2667,Bankruptcy Assistance,P51
2668,Bill interpretation Assistance,P51
2669,Credit Counseling,P51
2670,Credit Denial Assistance,P51
2671,Credit Rating Assistance,P51
2672,Debt Consolidation,P51
2673,Debt Management,P51
2674,Debt Repayment Counseling,P51
2675,Debt Liquidation Counseling,P51
2676,Financial Counseling,P51
2677,Financial Record Keeping Assistance,P51
2678,Investment Counseling,P51
2679,Money Management,P51
2680,Mortgage Default Assistance,P51
2681,Personal Finances Administration,P51
2682,Personal Financial Management Counseling,P51
2683,Property Lien Assistance,P51
2684,Protective Payee Services,P51
2685,Repossession Assistance,P51
2686,Representative Payee Services,P51
2687,Tax Assistance,P51
2688,Taxpayer Assistance,P51
2689,Tax Payer Assistance,P51
2690,Bus Passes,P52
2691,Demand/Response Transportation,P52
2692,Disability-Related Transportation,P52
2693,Door-to-Door Transportation,P52
2694,Handicapped Transportation,P52
2695,Paratransit,P52
2696,Senior Rides,P52
2697,Special Needs Transportation,P52
2698,Student Transportation,P52
2699,Transportation Passes,P52
2700,Transportation Vouchers,P52
2701,Christmas Assistance,P58
2702,Christmas Baskets,P58
2703,Christmas Clearing Bureaus,P58
2704,Christmas Food Baskets,P58
2705,Christmas Gifts,P58
2706,Christmas Toys,P58
2707,Christmas Trees,P58
2708,Easter Assistance,P58
2709,Easter Events,P58
2710,Easter Food Baskets,P58
2711,Holiday Assistance,P58
2712,Holiday Adoption ,P58
2713,Holiday Cash Grants,P58
2714,Holiday Donations,P58
2715,Mothers Day Assistance,P58
2716,Passover Assistance,P58
2717,Ramadan Assistance,P58
2718,Thanksgiving Food Baskets,P58
2719,Toys for Tots,P58
2720,Child Care Vouchers,P60
2721,Clothing Distribution,P60
2722,Emergency Cash,P60
2723,Emergency Food Assistance,P60
2724,Emergency Living Expenses,P60
2725,Emergency Money,P60
2726,Household Goods Provision,P60
2727,Household Goods Vouchers,P60
2728,Moving Expense Assistance,P60
2729,Personal Loans,P60
2730,Return to Point of Origin Assistance,P60
2731,Short-Term Emergency Assistance,P60
2732,Short Term Emergency Assistance,P60
2733,Temporary Financial Aid,P60
2734,Consulates/Foreign Government Representatives,P61
2735,Customs Assistance,P61
2736,Emergency Road Service,P61
2737,Foreign Currency Exchange,P61
2738,Foreign Visitor Assistance,P61
2739,International Travel Advisories,P61
2740,Tourist Information,P61
2741,Towing,P61
2742,Travelers Assistance,P61
2743,Stranded Motorist Assistance,P61
2744,Court Appearance Advice,P62
2745,Court Appearance Guidance,P62
2746,Court Proceedings Information,P62
2747,Crime Victims,P62
2748,Filing Assistance for Crime-Related Expenses,P62
2749,Filing Assistance for Crime-Related Losses,P62
2750,Victims,P62
2751,Escort Services,P62
2752,Victims Protective Services,P62
2753,"Custodial, Residential Care Facilities",P70
2754,Housing,P70
2755,Respite Care,P70
2756,Adult Day Care Centers,P71
2757,Adult Day Health Care,P71
2758,Adult Development Centers for Persons with Disabilities,P71
2759,Adult Family Day Care Homes,P71
2760,Developmentally Disabled Activity Centers,P71
2761,Developmentally Disabled Day Care,P71
2762,In-Home Adult Care,P71
2763,Non-residential Care,P71
2764,Senior Day Care,P71
2765,Special Day Care,P71
2766,Special Non-Residential Day Care,P71
2767,Group Homes for Adults with Developmental Disabilities,P73
2768,Group Homes for Adults with Disabilities,P73
2769,Group Homes for Disabled Adults,P73
2770,Housing,P73
2771,Long-Term Group Homes,P73
2772,Long Term Group Homes,P73
2773,Residential Care for Individuals with Disabilities,P73
2774,Residential Care,P73
2775,Facility-Based Hospice Care,P74
2776,Hospitals for the Dying,P74
2777,In-Home Hospice Care,P74
2778,Institutional Hospice Care,P74
2779,Palliative Care,P74
2780,Supportive Care for the Dying,P74
2781,Terminal Illness Care,P74
2782,Assisted Living,P75
2783,Boarding Care Facilities,P75
2784,CCRCs,P75
2785,Continuing Care Retirement Communities,P75
2786,Group Homes for Seniors,P75
2787,Homes for Aging,P75
2788,Housing for the Elderly,P75
2789,Life Care Communities,P75
2790,Lifecare Communities,P75
2791,Personal Care Homes,P75
2792,Residential Care Facilities for the Elderly,P75
2793,Senior Board & Care,P75
2794,Senior Foster Care,P75
2795,Senior Residential Care Homes,P75
2796,Senior Residential Facilities,P75
2797,Animal Aides,P80
2798,Assistive Technologies,P80
2799,Canine Assistants,P80
2800,Care Management,P80
2801,Case Management,P80
2802,Companion Animals,P80
2803,Guide Dog Training,P80
2804,Guide Dogs,P80
2805,Service Animals,P80
2806,Service Dogs,P80
2807,Womens Centers,P80
2808,Womens Services,P80
2809,Agency on Aging,P81
2810,Comprehensive Senior Services,P81
2811,Independence of the Elderly,P81
2812,Senior Citizen Centers,P81
2813,Activities of Daily Living,P82
2814,Daily Living Instruction,P82
2815,Day Programs for the Developmentally Disabled,P82
2816,Developmentally Disabled Activity Centers,P82
2817,Developmentally Disabled Behavior Management ,P82
2818,Developmentally Disabled Centers,P82
2819,Developmentally Disabled Services,P82
2820,Developmentally Disabled Social/Recreation ,P82
2821,Drop in Centers for the Developmentally Disabled,P82
2822,Independent Living Skills Instruction: Mentally Retarded Centers,P82
2823,Mentally Retarded Services,P82
2824,Retarded Citizens Associations,P82
2825,Retarded Citizens Centers,P82
2826,Retarded Citizens Services,P82
2827,Self Care,P82
2828,Citizenship Assistance Centers,P84
2829,Cultural Orientation,P84
2830,Cultural Transition Facilitation,P84
2831,Immigrant Centers,P84
2832,Immigrant Services,P84
2833,Immigrant Support,P84
2834,Interpreters,P84
2835,Language Interpretations,P84
2836,Language Translations,P84
2837,Refugee Resettlement,P84
2838,Homeless Day Centers,P85
2839,Homeless Drop-In Centers,P85
2840,Homeless Persons Centers,P85
2841,Homeless Persons Services,P85
2842,Missions,P85
2843,Shower Facilities/Public Restrooms,P85
2844,Telephone Facilities,P85
2845,Temporary Mailing Address,P85
2846,Audio Books ,P86
2847,Books on Tape ,P86
2848,Braille Transcription,P86
2849,Guide Dogs for the Blind,P86
2850,Recorded Books ,P86
2851,Recording for the Blind,P86
2852,Seeing Eye Dog ,P86
2853,Talking Books,P86
2854,American Sign Language Interpretation,P87
2855,AMESLAM Interpretation,P87
2856,Deaf Relay Services,P87
2857,Sign Language Interpretation,P87
2858,Telecommunication Relay Services,P87
2859,TTD Linkage,P87
2860,Discrimination of Specific Groups,R20
2861,Equal Rights,R20
2862,Immigrant Rights,R20
2863,Legal Rights,R20
2864,Refugee Rights,R20
2865,African American Rights,R22
2866,Asian American Rights,R22
2867,Congress of Racial Equality,R22
2868,CORE,R22
2869,Ethnic Groups Rights,R22
2870,Hispanic Rights,R22
2871,La Raza,R22
2872,Latino Rights,R22
2873,NAACP,R22
2874,Native American Rights,R22
2875,Racial Equality,R22
2876,SCLC,R22
2877,Southern Christian Leadership Conference,R22
2878,Disability Rights,R23
2879,Handicapped Persons Rights,R23
2880,Handicapped Rights,R23
2881,Age Discrimination,R25
2882,Gay Rights,R26
2883,Homosexual Rights,R26
2884,Lesbian Rights,R26
2885,CASA,R28
2886,Child Advocacy,R28
2887,Court Appointed Special Advocates,R28
2888,Diversity Training,R30
2889,Intergroup Relations,R30
2890,Multicultural Understanding,R30
2891,Race Relations,R30
2892,Election Regulation,R40
2893,League of Women Voters,R40
2894,Voter Education,R40
2895,Voter Participation,R40
2896,Voter Registration,R40
2897,Voter Turnout,R40
2898,Academic Freedom,R60
2899,Bill of Rights,R60
2900,Civil Liberties,R60
2901,Constitutional Rights,R60
2902,Criminal Rights,R60
2903,Cyber-Liberties,R60
2904,Death Penalty Advocacy,R60
2905,Death Penalty Issues,R60
2906,Due Process,R60
2907,Freedom of Association,R60
2908,Freedom of Information,R60
2909,Freedom of Religion,R60
2910,Gun Control Advocacy,R60
2911,Legal Rights,R60
2912,Library Censorship,R60
2913,Political Rights,R60
2914,Right of Assembly,R60
2915,Right to Bear Arms,R60
2916,Right to Privacy,R60
2917,Abortion Rights,R61
2918,Pro-Choice Advocacy,R61
2919,Right to Choose,R61
2920,Anti-Abortion,R62
2921,Fetal Rights,R62
2922,Pro-Life Advocacy,R62
2923,Anti-Censorship Advocacy,R63
2924,Censorship,R63
2925,Cyber-Liberties,R63
2926,Freedom of Speech,R63
2927,Free Speech,R63
2928,Freedom of the Press,R63
2929,Library Censorship,R63
2930,Assisted Suicide,R67
2931,Death with Dignity,R67
2932,Do Not Resuscitate Orders,R67
2933,Doctor Assisted Death,R67
2934,Doctor Assisted Suicide,R67
2935,Euthanasia,R67
2936,Hemlock Society,R67
2937,Living Wills,R67
2938,Mercy Killings,R67
2939,Physician Assisted Death,R67
2940,Physician Assisted Suicide,R67
2941,Rationale Suicide,R67
2942,Right to Die,R67
2943,Air Force,W30
2944,American Legion,W30
2945,Armed Forces of the United States,W30
2946,Army,W30
2947,Coast Guard,W30
2948,Marine Corps,W30
2949,Military Chaplains,W30
2950,National Guard,W30
2951,Navy,W30
2952,Veterans Affairs ,W30
2953,Veterans of Foreign Wars,W30
2954,VFW,W30
2955,War Veterans,W30
2956,Air Traffic Control,W40
2957,Air Transportation,W40
2958,Airline Terminals,W40
2959,Airports,W40
2960,Bus Shelters,W40
2961,"Buses, Cable Cars",W40
2962,"Commuter Rail, Ferry Boats",W40
2963,Light-Rail Systems,W40
2964,Mass Transit,W40
2965,Pedestrian Shelters,W40
2966,Public Transportation,W40
2967,Public Transportation Systems,W40
2968,Rail Transportation,W40
2969,Railroads,W40
2970,Railways,W40
2971,Rapid Transit Systems,W40
2972,Roadways,W40
2973,Streetcars,W40
2974,Subways,W40
2975,Trains,W40
2976,Trolleys,W40
2977,Urban Mass Transit,W40
2978,Communication Services,W50
2979,Electronic Messaging,W50
2980,Freenet Providers,W50
2981,Internet Service Providers,W50
2982,Rural Utilities,W50
2983,Telecommunications ,W50
2984,Telegraph,W50
2985,Telephone Systems,W50
2986,Wireless Communications Systems,W50
2987,Banks,W60
2988,Check Cashing,W60
2989,Investment Management ,W60
2990,Investments & Securities ,W60
2991,Savings & Loan Associations,W60
2992,Thrift Institutions,W60
2993,Trust Companies,W60
2994,Electric Generating Plants,W80
2995,Electrification,W80
2996,Energy Generating Resources,W80
2997,Energy Suppliers,W80
2998,Gas Services,W80
2999,Energy Suppliers,W80
3000,Light Companies,W80
3001,Natural Gas Services,W80
3002,Power Generating Plants,W80
3003,Propane Services,W80
3004,Public Utilities,W80
3005,Rural Water Companies,W80
3006,Sanitary Services,W80
3007,Utility Systems,W80
3008,Water & Sewer Services,W80
3009,Water Rights,W80
3010,Water Systems,W80
3011,Waterworks,W80
3012,Consumer Complaints,W90
3013,Consumer Education,W90
3014,Consumer Fraud,W90
3015,Consumer Product Safety,W90
3016,Consumer Protection,W90
3017,Consumer Safety,W90
3018,Armenian Apostolic Church,X20
3019,Christ Catholic Church,X20
3020,Church of Cyprus,X20
3021,Church of Greece,X20
3022,Church of Jesus Christ of Latter Day Saints,X20
3023,Church of the Latter Day Saints,X20
3024,Coptic Christian,X20
3025,Eastern Catholicism,X20
3026,Eastern Orthodox,X20
3027,Greek Orthodox,X20
3028,Holy Apostolic Catholic Assyrian Church of the East,X20
3029,Mormon Church,X20
3030,Oriental Orthodox Church,X20
3031,Orthodox Church,X20
3032,Prayer Breakfasts,X20
3033,Russian Orthodox,X20
3034,Syrian Orthodox Church of Antioch,X20
3035,Advent Christian Church,X21
3036,African Methodist Episcopal Church,X21
3037,African Methodist Episcopal Zion Church,X21
3038,AME Church,X21
3039,Amish,X21
3040,Anabaptist,X21
3041,Anglican Church,X21
3042,Apostolic Arminian Church,X21
3043,Assemblies of Christ,X21
3044,Apostolic Assembly of the Faith in Christ Jesus,X21
3045,Apostolic Christian Church,X21
3046,Apostolic Faith Church,X21
3047,Apostolic Overcoming Holy Church of God (A.O.H.),X21
3048,Assembly of God Church,X21
3049,Baptist Church,X21
3050,Berean Fundamental Church,X21
3051,Bible Church of Christ,X21
3052,Born Again Christians,X21
3053,Brethren Church,X21
3054,Brethren in Christ,X21
3055,Calvary Chapel,X21
3056,Christ Gospel Church,X21
3057,Christadelphian,X21
3058,Christian & Missionary Alliance,X21
3059,Christian Church,X21
3060,Christian Churches of God,X21
3061,Christian Reformed Church,X21
3062,Christian Science,X21
3063,Church of Christ,X21
3064,"Church of Christ, Scientist",X21
3065,Church of God,X21
3066,Church of Our Lord Jesus Christ,X21
3067,Church of South India (CSI),X21
3068,Church of the Brethren,X21
3069,Church of the Nazarene,X21
3070,Community of Christ,X21
3071,Congregational Church,X21
3072,Covenant Church,X21
3073,Disciples of Christ,X21
3074,Episcopal Church,X21
3075,Evangelical Bible Church,X21
3076,Evangelical Bible Churches,X21
3077,Evangelical Christian Church,X21
3078,Evangelical Formosan Church,X21
3079,Evangelical Free Church,X21
3080,Evangelicals,X21
3081,Evangelism,X21
3082,Foursquare Church,X21
3083,House of God Saints in Christ,X21
3084,International Church of the Foursquare Gospel,X21
3085,International Pentecostal Church of Christ,X21
3086,Jehovahs Witnesses,X21
3087,Lutheran Church,X21
3088,Mennonite Church,X21
3089,Methodist Church,X21
3090,Metropolitan Community Church,X21
3091,Missionary Church,X21
3092,Moravian Church,X21
3093,Netherlands Reformed Congregations,X21
3094,Pentecostal Church of God,X21
3095,Pentecostal Church,X21
3096,Pentecostal Holiness Church,X21
3097,Presbyterian Church,X21
3098,Protestant Reformed Church,X21
3099,Protestant,X21
3100,"Quakers, Redeemed Christian Church of God",X21
3101,Reformed Church,X21
3102,Religious Society of Friends,X21
3103,Salvationists,X21
3104,Seventh-day Adventist Church,X21
3105,Shakers,X21
3106,Swedenborgian Church,X21
3107,United Church of Christ,X21
3108,United Holy Church,X21
3109,United Pentecostal Church,X21
3110,Unity,X21
3111,Victory Church,X21
3112,Vineyard Christian Fellowship,X21
3113,Vineyard Church,X21
3114,Wesleyan Church,X21
3115,Catholic Church,X22
3116,Roman Catholic Church,X22
3117,Chabad,X30
3118,Eruv,X30
3119,Habonim-Dror,X30
3120,Hebrew School,X30
3121,Jewish Camps,X30
3122,Jewish Religion,X30
3123,Jewish Spiritual Retreats,X30
3124,Judaism,X30
3125,Labavitch,X30
3126,Mikvah,X30
3127,Noahide,X30
3128,Passover Seders,X30
3129,Pesach Seders,X30
3130,Sukout,X30
3131,Synagogues,X30
3132,Talmud,X30
3133,Torah,X30
3134,Hajj,X40
3135,Islam,X40
3136,Islamic Spiritual Retreats,X40
3137,Mohammedanism,X40
3138,Moslems,X40
3139,Mosques,X40
3140,Muslims,X40
3141,Islamic Temples,X40
3142,Koran,X40
3143,Pilgrimages - Islam,X40
3144,Quran,X40
3145,Buddha,X50
3146,Buddhism,X50
3147,Buddhist Spiritual Retreats,X50
3148,Pilgrimages - Buddhism,X50
3149,Buddhist,X50
3150,Buddhist Temples,X50
3151,Zen,X50
3152,Ashram,X70
3153,Hindu Spiritual Retreats,X70
3154,Hinduism,X70
3155,Pilgrimages - Hinduism,X70
3156,Vedic,X70
3157,Ecumenical,X90
3158,Interdenominational,X90
3159,Jewish-Christian Relations,X90
3160,National Conference of Christians and Jews,X90
3161,Cooling Centers,L42
3162,Cooling Site,L42
3163,Cooling Sites,L42
3164,Dental Clinics,E39
3165,Dental Care,E39
3166,Mobile Dental Care,E39
3167,Oral Health,E39
3168,Obstetrics,E41
3169,Gynecology,E41
3170,Gynaecology,E41
3171,Obstetrician,E41
3172,Gynecologist,E41
3173,Gynaecologist,E41
3174,OB/GYN,E41
3175,OB-GYN,E41
3176,OBGYN,E41
3177,Female reproductive,E41
3178,Pregnancy,E41
3179,Pregnant,E41
3180,Childbirth,E41
3181,Postpartum,E41
3182,Prenatal,E41
3183,Intranatal,E41
3184,Neonatal,E41
3185,Postnatal,E41
3186,Natal,E41
3187,Partum,E41